t_start,t_end,N_motor,E_motor,S_motor,W_est,N_to_S,N_to_W,E_to_W,E_to_N,S_to_N,S_to_W,S_to_E
0,900,4,2,2,1,1,2,1,0,1,0,0
900,1800,4,6,2,1,1,2,5,0,1,0,0
1800,2700,1,8,2,0,0,0,5,2,1,0,0
2700,3600,1,2,1,0,0,0,1,0,0,0,0
3600,4500,1,2,0,0,0,0,1,0,0,0,0
4500,5400,1,3,0,0,0,0,2,0,0,0,0
5400,6300,1,6,0,0,0,0,4,1,0,0,0
6300,7200,0,4,0,0,0,0,2,1,0,0,0
7200,8100,2,4,0,0,0,1,2,1,0,0,0
8100,9000,0,3,0,0,0,0,2,0,0,0,0
9000,9900,1,3,0,0,0,0,2,0,0,0,0
9900,10800,0,0,0,0,0,0,0,0,0,0,0
10800,11700,0,0,0,0,0,0,0,0,0,0,0
11700,12600,2,2,0,0,0,1,1,0,0,0,0
12600,13500,1,1,0,0,0,0,0,0,0,0,0
13500,14400,2,3,0,0,0,1,2,0,0,0,0
14400,15300,1,4,0,0,0,0,2,1,0,0,0
15300,16200,4,5,0,1,1,2,4,0,0,0,0
16200,17100,0,3,0,0,0,0,2,0,0,0,0
17100,18000,3,4,0,1,0,2,2,1,0,0,0
18000,18900,4,2,0,1,1,2,1,0,0,0,0
18900,19800,4,3,0,1,1,2,2,0,0,0,0
19800,20700,6,6,1,2,1,4,3,2,0,0,0
20700,21600,9,11,2,3,3,5,9,1,1,0,0
21600,22500,13,10,3,5,4,8,6,3,1,0,1
22500,23400,7,15,2,2,3,3,14,0,1,0,0
23400,24300,9,21,3,3,3,5,17,3,1,0,1
24300,25200,21,32,2,8,4,16,20,11,1,0,0
25200,26100,14,44,3,5,4,9,22,21,1,0,1
26100,27000,19,65,2,7,3,15,38,26,1,0,0
27000,27900,13,50,4,5,3,9,31,18,2,0,1
27900,28800,16,82,3,6,4,12,45,36,1,0,1
28800,29700,20,53,2,8,4,16,37,15,1,0,0
29700,30600,20,62,4,8,4,16,41,20,2,0,1
30600,31500,22,61,2,8,5,16,37,23,1,0,0
31500,32400,21,73,3,8,3,17,49,23,1,0,1
32400,33300,20,49,3,8,5,15,37,11,1,0,1
33300,34200,34,74,2,13,3,30,48,25,1,0,0
34200,35100,14,57,3,5,3,10,50,6,1,0,1
35100,36000,21,46,5,8,4,16,29,16,2,0,1
36000,36900,25,48,2,10,3,22,26,21,1,0,0
36900,37800,26,49,4,10,4,21,37,11,2,0,1
37800,38700,19,53,3,7,3,15,37,15,1,0,1
38700,39600,14,50,2,5,4,9,40,9,1,0,0
39600,40500,17,69,5,6,4,12,52,16,2,0,1
40500,41400,31,57,4,12,3,27,28,28,2,0,1
41400,42300,23,43,3,9,2,20,31,11,1,0,1
42300,43200,16,56,2,6,5,11,42,13,1,0,0
43200,44100,20,44,3,8,4,16,33,10,1,0,1
44100,45000,20,46,3,8,3,17,28,17,1,0,1
45000,45900,19,34,2,7,3,15,19,14,1,0,0
45900,46800,15,25,4,6,4,10,23,1,2,0,1
46800,47700,12,35,3,4,3,9,25,9,1,0,1
47700,48600,10,41,4,4,4,6,30,10,2,0,1
48600,49500,15,49,3,6,4,10,36,12,1,0,1
49500,50400,12,39,2,4,5,6,25,13,1,0,0
50400,51300,27,56,4,10,2,24,25,30,2,0,1
51300,52200,21,48,4,8,5,15,34,13,2,0,1
52200,53100,19,46,2,7,3,15,26,19,1,0,0
53100,54000,18,49,5,7,3,14,27,21,2,0,1
54000,54900,24,56,3,9,4,19,26,29,1,0,1
54900,55800,17,49,4,6,4,12,37,11,2,0,1
55800,56700,20,60,2,8,3,17,27,32,1,0,0
56700,57600,22,42,4,8,5,16,34,7,2,0,1
57600,58500,17,60,3,6,4,12,34,25,1,0,1
58500,59400,22,65,2,8,3,18,37,27,1,0,0
59400,60300,13,77,3,5,4,8,42,34,1,0,1
60300,61200,17,91,3,6,4,12,59,31,1,0,1
61200,62100,15,64,2,6,3,12,34,29,1,0,0
62100,63000,17,54,3,6,4,12,31,22,1,0,1
63000,63900,20,55,2,8,4,16,33,21,1,0,0
63900,64800,10,58,3,4,3,7,28,29,1,0,1
64800,65700,15,56,3,6,4,10,44,11,1,0,1
65700,66600,15,49,3,6,4,10,44,4,1,0,1
66600,67500,13,41,4,5,3,9,23,17,2,0,1
67500,68400,19,34,3,7,6,12,23,10,1,0,1
68400,69300,13,25,3,5,4,8,23,1,1,0,1
69300,70200,11,34,4,4,3,7,21,12,2,0,1
70200,71100,10,26,3,4,4,6,24,1,1,0,1
71100,72000,11,22,3,4,4,6,11,10,1,0,1
72000,72900,10,24,4,4,3,7,17,6,2,0,1
72900,73800,9,20,3,3,5,3,16,3,1,0,1
73800,74700,8,16,4,3,3,5,14,1,2,0,1
74700,75600,8,13,2,3,3,5,10,2,1,0,0
75600,76500,7,15,3,2,3,3,7,7,1,0,1
76500,77400,13,15,2,5,3,9,13,1,1,0,0
77400,78300,5,12,3,2,3,2,11,0,1,0,1
78300,79200,10,6,2,4,3,7,5,0,1,0,0
79200,80100,6,10,4,2,3,3,7,2,2,0,1
80100,81000,7,13,2,2,3,3,7,5,1,0,0
81000,81900,6,3,3,2,1,4,2,0,1,0,1
81900,82800,5,7,2,2,3,2,5,1,1,0,0
82800,83700,3,7,1,1,0,2,6,0,0,0,0
83700,84600,5,6,1,2,2,3,5,0,0,0,0
84600,85500,2,6,1,0,0,1,2,3,0,0,0
85500,86400,4,3,2,1,1,2,2,0,1,0,0
