detector,events_real,events_sim,event_recall,event_precision,occ_s_real,occ_s_sim,second_accuracy,jaccard,label,date,daytype
d1,145.0,145.0,1.0,1.0,5379.0,5539.0,0.998138907305952,0.9711139194800504,actuated_tsp,2019-02-01,weekday
d2,291.0,288.0,0.4948453608247423,0.5,712.0,1603.0,0.9816798687929652,0.1902313624678663,actuated_tsp,2019-02-01,weekday
d3,291.0,291.0,0.4020618556701031,0.4020618556701031,1305.0,1555.0,0.9766665503483732,0.1755034936292643,actuated_tsp,2019-02-01,weekday
d4,1509.0,1488.0,0.9668654738237245,0.980510752688172,3640.0,3547.0,0.9619522862360564,0.3744501816790973,actuated_tsp,2019-02-01,weekday
d5,3972.0,3816.0,0.9506545820745216,0.989517819706499,6595.0,6129.0,0.9442602738132626,0.4528431148664079,actuated_tsp,2019-02-01,weekday
d6,298.0,298.0,0.738255033557047,0.738255033557047,2777.0,5095.0,0.9540542741156902,0.3317543562848926,actuated_tsp,2019-02-01,weekday
d7,297.0,298.0,0.9764309764309764,0.9731543624161074,8693.0,11884.0,0.9581603098719336,0.7024075452965997,actuated_tsp,2019-02-01,weekday
d8,291.0,329.0,0.0343642611683848,0.0303951367781155,1324.0,1626.0,0.96684928638727,0.0172413793103448,actuated_tsp,2019-02-01,weekday
d9,2809.0,2715.0,0.1701673193307226,0.1760589318600368,3055.0,3937.0,0.9246257458910564,0.0380047505938242,actuated_tsp,2019-02-01,weekday
d10,1136.0,1287.0,0.0977112676056338,0.0862470862470862,1169.0,2404.0,0.9594630747577672,0.012468121280816,actuated_tsp,2019-02-01,weekday
d1,120.0,120.0,1.0,1.0,4488.0,4613.0,0.9985532407407408,0.9729026663776283,actuated_tsp,2019-02-02,weekend
d2,245.0,246.0,0.5102040816326531,0.508130081300813,614.0,1352.0,0.984837962962963,0.2002442002442002,actuated_tsp,2019-02-02,weekend
d3,245.0,246.0,0.4448979591836735,0.4430894308943089,1064.0,1313.0,0.9811226851851852,0.186127744510978,actuated_tsp,2019-02-02,weekend
d4,1852.0,1812.0,0.9676025917926566,0.9889624724061812,7773.0,3970.0,0.918900462962963,0.2525866666666667,actuated_tsp,2019-02-02,weekend
d5,2771.0,2688.0,0.9686033922771564,0.9985119047619048,3755.0,4100.0,0.9730208333333332,0.5423129785980758,actuated_tsp,2019-02-02,weekend
d6,246.0,244.0,0.7682926829268293,0.7745901639344263,2304.0,3811.0,0.9660763888888888,0.3519787751492372,actuated_tsp,2019-02-02,weekend
d7,244.0,244.0,0.9836065573770492,0.9836065573770492,7304.0,9694.0,0.9702546296296296,0.7373262469337695,actuated_tsp,2019-02-02,weekend
d8,247.0,282.0,0.020242914979757,0.0177304964539007,1231.0,1380.0,0.9705671296296297,0.0131936360108653,actuated_tsp,2019-02-02,weekend
d9,2461.0,2379.0,0.1592848435595286,0.1647751155947877,2724.0,3373.0,0.9333217592592592,0.0283353010625737,actuated_tsp,2019-02-02,weekend
d10,953.0,1203.0,0.0891920251836306,0.0706566916043225,1047.0,2224.0,0.9629745370370372,0.0111282843894899,actuated_tsp,2019-02-02,weekend
d1,101.0,101.0,1.0,1.0,3478.0,3579.0,0.9988310185185184,0.9717798267672534,actuated_tsp,2019-02-03,weekend
d2,207.0,207.0,0.5120772946859904,0.5120772946859904,511.0,1136.0,0.9872569444444445,0.1986899563318777,actuated_tsp,2019-02-03,weekend
d3,207.0,207.0,0.4685990338164251,0.4685990338164251,809.0,1070.0,0.9864467592592592,0.2321311475409836,actuated_tsp,2019-02-03,weekend
d4,1018.0,1014.0,0.9891944990176816,0.9930966469428008,1428.0,1482.0,0.9913888888888888,0.5927750410509032,actuated_tsp,2019-02-03,weekend
d5,1616.0,1594.0,0.9863861386138614,1.0,1805.0,2317.0,0.9897222222222222,0.6455089820359281,actuated_tsp,2019-02-03,weekend
d6,207.0,208.0,0.7536231884057971,0.75,1809.0,3018.0,0.9736458333333332,0.3589527027027027,actuated_tsp,2019-02-03,weekend
d7,208.0,208.0,1.0,1.0,5862.0,7606.0,0.9777314814814816,0.75,actuated_tsp,2019-02-03,weekend
d8,210.0,227.0,0.0238095238095238,0.0220264317180616,1180.0,1156.0,0.9735185185185186,0.0103806228373702,actuated_tsp,2019-02-03,weekend
d9,1431.0,1403.0,0.1132075471698113,0.1154668567355666,1458.0,1993.0,0.961400462962963,0.017094017094017,actuated_tsp,2019-02-03,weekend
d10,700.0,665.0,0.0514285714285714,0.0541353383458646,710.0,1244.0,0.9777777777777776,0.0087764584408879,actuated_tsp,2019-02-03,weekend
d1,139.0,139.0,1.0,1.0,4950.0,5089.0,0.9983912037037036,0.9726861858911378,actuated_tsp,2019-02-04,weekday
d2,284.0,284.0,0.5105633802816901,0.5105633802816901,704.0,1559.0,0.9821875,0.1904260915307732,actuated_tsp,2019-02-04,weekday
d3,288.0,284.0,0.4409722222222222,0.4471830985915493,1270.0,1531.0,0.9791782407407408,0.2178260869565217,actuated_tsp,2019-02-04,weekday
d4,1066.0,1056.0,0.975609756097561,0.9848484848484848,1992.0,2339.0,0.9779745370370372,0.3894770612768687,actuated_tsp,2019-02-04,weekday
d5,3016.0,2908.0,0.954575596816976,0.9900275103163686,4713.0,4645.0,0.9613657407407408,0.4741650913673598,actuated_tsp,2019-02-04,weekday
d6,288.0,286.0,0.7673611111111112,0.7727272727272727,2767.0,4669.0,0.9555787037037036,0.3191413872627284,actuated_tsp,2019-02-04,weekday
d7,285.0,286.0,0.9824561403508772,0.9790209790209792,8293.0,11451.0,0.9621296296296296,0.7156760514424748,actuated_tsp,2019-02-04,weekday
d8,287.0,311.0,0.0174216027874564,0.0160771704180064,1377.0,1582.0,0.9662152777777778,0.0068050357264375,actuated_tsp,2019-02-04,weekday
d9,2137.0,2073.0,0.1539541413196069,0.1587071876507477,2217.0,2974.0,0.943136574074074,0.027513855898654,actuated_tsp,2019-02-04,weekday
d10,857.0,913.0,0.0921820303383897,0.0865279299014238,896.0,1689.0,0.9710300925925924,0.0161163522012578,actuated_tsp,2019-02-04,weekday
d1,139.0,139.0,1.0,1.0,5279.0,5418.0,0.9983912037037036,0.974344776670358,actuated_tsp,2019-02-05,weekday
d2,280.0,280.0,0.5107142857142857,0.5107142857142857,691.0,1545.0,0.982824074074074,0.2021505376344086,actuated_tsp,2019-02-05,weekday
d3,281.0,281.0,0.4234875444839858,0.4234875444839858,1214.0,1494.0,0.9790972222222222,0.1998227735932654,actuated_tsp,2019-02-05,weekday
d4,1234.0,1221.0,0.9724473257698542,0.9828009828009828,2638.0,3027.0,0.9701273148148148,0.373999514916323,actuated_tsp,2019-02-05,weekday
d5,3509.0,3373.0,0.9526930749501282,0.9911058404980728,6106.0,5402.0,0.948287037037037,0.4406609914872308,actuated_tsp,2019-02-05,weekday
d6,283.0,284.0,0.7526501766784452,0.75,2605.0,4375.0,0.9627314814814816,0.3686274509803922,actuated_tsp,2019-02-05,weekday
d7,283.0,284.0,0.9929328621908128,0.98943661971831,8374.0,11124.0,0.9662037037037036,0.7394950486216433,actuated_tsp,2019-02-05,weekday
d8,283.0,313.0,0.0176678445229682,0.0159744408945686,1387.0,1570.0,0.9664699074074076,0.0102494021182097,actuated_tsp,2019-02-05,weekday
d9,2535.0,2394.0,0.1889546351084812,0.2000835421888053,2792.0,3475.0,0.9324652777777778,0.0356965790778383,actuated_tsp,2019-02-05,weekday
d10,949.0,1052.0,0.0811380400421496,0.0731939163498098,988.0,1982.0,0.9664814814814816,0.0126150698943061,actuated_tsp,2019-02-05,weekday
d1,139.0,139.0,1.0,1.0,5012.0,5151.0,0.9983912037037036,0.9730149485536788,actuated_tsp,2019-02-06,weekday
d2,285.0,284.0,0.5157894736842106,0.5176056338028169,708.0,1565.0,0.9823263888888888,0.1963157894736842,actuated_tsp,2019-02-06,weekday
d3,284.0,285.0,0.4436619718309859,0.4421052631578947,1256.0,1494.0,0.9785416666666666,0.1946133796698523,actuated_tsp,2019-02-06,weekday
d4,1313.0,1295.0,0.9588728103579588,0.9722007722007722,2873.0,3120.0,0.9696643518518518,0.3914557696772696,actuated_tsp,2019-02-06,weekday
d5,3579.0,3431.0,0.9485889913383628,0.9895074322355,6813.0,5582.0,0.9397337962962964,0.4083626860584025,actuated_tsp,2019-02-06,weekday
d6,283.0,284.0,0.6996466431095406,0.6971830985915493,2703.0,4580.0,0.9586921296296296,0.3422410615554736,actuated_tsp,2019-02-06,weekday
d7,284.0,284.0,0.9683098591549296,0.9683098591549296,8477.0,11236.0,0.962650462962963,0.7186573670444638,actuated_tsp,2019-02-06,weekday
d8,287.0,317.0,0.0139372822299651,0.0126182965299684,1484.0,1596.0,0.964837962962963,0.0068649885583524,actuated_tsp,2019-02-06,weekday
d9,2553.0,2440.0,0.1852722287504896,0.1938524590163934,2778.0,3539.0,0.9315162037037036,0.0326957658983161,actuated_tsp,2019-02-06,weekday
d10,969.0,1120.0,0.0897832817337461,0.0776785714285714,1006.0,2088.0,0.9649074074074074,0.0101207966046359,actuated_tsp,2019-02-06,weekday
d1,139.0,139.0,1.0,1.0,5159.0,5298.0,0.9983912037037036,0.973763684409211,actuated_tsp,2019-02-07,weekday
d2,284.0,282.0,0.5070422535211268,0.5106382978723404,720.0,1561.0,0.9825578703703703,0.2043294614572333,actuated_tsp,2019-02-07,weekday
d3,284.0,284.0,0.4330985915492957,0.4330985915492957,1242.0,1516.0,0.9788425925925924,0.2027911033580462,actuated_tsp,2019-02-07,weekday
d4,1346.0,1331.0,0.9702823179791976,0.9812171299774606,2566.0,3105.0,0.9715625,0.3954232283464567,actuated_tsp,2019-02-07,weekday
d5,3680.0,3546.0,0.9521739130434784,0.988155668358714,5989.0,5681.0,0.949699074074074,0.4572927072927072,actuated_tsp,2019-02-07,weekday
d6,286.0,285.0,0.7272727272727273,0.7298245614035088,2468.0,4658.0,0.9601620370370372,0.3485995457986374,actuated_tsp,2019-02-07,weekday
d7,284.0,285.0,0.98943661971831,0.9859649122807016,8520.0,11482.0,0.9617592592592592,0.7164678623530422,actuated_tsp,2019-02-07,weekday
d8,285.0,316.0,0.0280701754385964,0.0253164556962025,1572.0,1579.0,0.9645254629629628,0.0138352638352638,actuated_tsp,2019-02-07,weekday
d9,2551.0,2509.0,0.1865934927479419,0.1897170187325627,2794.0,3630.0,0.930925925925926,0.0367979341510652,actuated_tsp,2019-02-07,weekday
d10,1115.0,1152.0,0.0986547085201793,0.0954861111111111,1169.0,2154.0,0.9628125,0.0168298653610771,actuated_tsp,2019-02-07,weekday
d1,142.0,142.0,1.0,1.0,5246.0,5388.0,0.9983564814814816,0.973645137342242,actuated_tsp,2019-02-08,weekday
d2,290.0,290.0,0.5172413793103449,0.5172413793103449,724.0,1594.0,0.982175925925926,0.2016588906168999,actuated_tsp,2019-02-08,weekday
d3,290.0,290.0,0.4344827586206896,0.4344827586206896,1233.0,1539.0,0.9790277777777778,0.2094240837696335,actuated_tsp,2019-02-08,weekday
d4,1580.0,1569.0,0.970253164556962,0.977055449330784,4504.0,3769.0,0.9495486111111112,0.3098480050664978,actuated_tsp,2019-02-08,weekday
d5,3914.0,3752.0,0.942769545222279,0.9834754797441364,6359.0,6181.0,0.944675925925926,0.4480369515011547,actuated_tsp,2019-02-08,weekday
d6,292.0,291.0,0.791095890410959,0.7938144329896907,2526.0,4875.0,0.9594791666666668,0.3577325261419923,actuated_tsp,2019-02-08,weekday
d7,290.0,291.0,0.9620689655172414,0.9587628865979382,8650.0,11965.0,0.9587152777777778,0.7049871805475146,actuated_tsp,2019-02-08,weekday
d8,297.0,330.0,0.0168350168350168,0.0151515151515151,1578.0,1631.0,0.9633912037037036,0.0072190834902699,actuated_tsp,2019-02-08,weekday
d9,2819.0,2695.0,0.1656615821213196,0.1732838589981447,3040.0,3886.0,0.9244907407407408,0.0298884758364312,actuated_tsp,2019-02-08,weekday
d10,1107.0,1346.0,0.075880758807588,0.0624071322436849,1153.0,2505.0,0.9584953703703704,0.0099392600773053,actuated_tsp,2019-02-08,weekday
d1,130.0,130.0,1.0,1.0,4642.0,4772.0,0.9984953703703704,0.9727577535624476,actuated_tsp,2019-02-09,weekend
d2,262.0,261.0,0.5,0.5019157088122606,649.0,1443.0,0.9833564814814816,0.1852691218130311,actuated_tsp,2019-02-09,weekend
d3,265.0,262.0,0.430188679245283,0.4351145038167939,1153.0,1392.0,0.9805439814814816,0.2044486512068149,actuated_tsp,2019-02-09,weekend
d4,2060.0,1999.0,0.9548543689320388,0.983991995997999,10955.0,5012.0,0.8869328703703704,0.2408299658066521,actuated_tsp,2019-02-09,weekend
d5,2628.0,2555.0,0.9691780821917808,0.9968688845401176,3249.0,3874.0,0.9782060185185184,0.5818343326671108,actuated_tsp,2019-02-09,weekend
d6,266.0,266.0,0.7669172932330827,0.7669172932330827,2653.0,4436.0,0.9609837962962964,0.3554493307839388,actuated_tsp,2019-02-09,weekend
d7,266.0,266.0,0.9887218045112782,0.9887218045112782,7547.0,10393.0,0.9633333333333334,0.6998294485503127,actuated_tsp,2019-02-09,weekend
d8,267.0,303.0,0.0262172284644194,0.0231023102310231,1535.0,1478.0,0.9659375,0.0117528542646071,actuated_tsp,2019-02-09,weekend
d9,2384.0,2365.0,0.1564597315436241,0.1577167019027484,2532.0,3324.0,0.9355787037037036,0.0253895990194361,actuated_tsp,2019-02-09,weekend
d10,983.0,1339.0,0.1007121057985757,0.0739357729648991,1001.0,2466.0,0.9608217592592592,0.0119673088149445,actuated_tsp,2019-02-09,weekend
d1,101.0,101.0,1.0,1.0,3232.0,3333.0,0.9988310185185184,0.9696969696969696,actuated_tsp,2019-02-10,weekend
d2,206.0,206.0,0.5097087378640777,0.5097087378640777,508.0,1131.0,0.9871180555555557,0.1911337209302325,actuated_tsp,2019-02-10,weekend
d3,206.0,206.0,0.4320388349514563,0.4320388349514563,784.0,1098.0,0.9858796296296296,0.2134107027724049,actuated_tsp,2019-02-10,weekend
d4,1167.0,1160.0,0.9922879177377892,0.9982758620689656,2509.0,1829.0,0.9796064814814814,0.4222950819672131,actuated_tsp,2019-02-10,weekend
d5,1537.0,1518.0,0.9876382563435264,1.0,1805.0,2234.0,0.9888310185185184,0.614308553157474,actuated_tsp,2019-02-10,weekend
d6,209.0,208.0,0.6650717703349283,0.6682692307692307,2053.0,3088.0,0.9738773148148148,0.3898350905650176,actuated_tsp,2019-02-10,weekend
d7,208.0,208.0,0.9951923076923076,0.9951923076923076,5952.0,7758.0,0.9759722222222222,0.7369821360699353,actuated_tsp,2019-02-10,weekend
d8,207.0,229.0,0.0241545893719806,0.0218340611353711,948.0,1149.0,0.9761458333333334,0.0086580086580086,actuated_tsp,2019-02-10,weekend
d9,1374.0,1395.0,0.1193595342066957,0.1175627240143369,1403.0,1960.0,0.9624421296296296,0.0178571428571428,actuated_tsp,2019-02-10,weekend
d10,704.0,760.0,0.0596590909090909,0.0552631578947368,715.0,1406.0,0.9757754629629628,0.0066445182724252,actuated_tsp,2019-02-10,weekend
d1,139.0,139.0,1.0,1.0,5091.0,5230.0,0.9983912037037036,0.9734225621414914,actuated_tsp,2019-02-11,weekday
d2,284.0,283.0,0.5105633802816901,0.5123674911660777,692.0,1560.0,0.9824537037037036,0.1953290870488322,actuated_tsp,2019-02-11,weekday
d3,286.0,284.0,0.4405594405594406,0.4436619718309859,1253.0,1520.0,0.9794328703703704,0.2189010989010989,actuated_tsp,2019-02-11,weekday
d4,1028.0,1022.0,0.9834630350194552,0.9892367906066536,2035.0,1977.0,0.9807407407407408,0.4136715997181113,actuated_tsp,2019-02-11,weekday
d5,2873.0,2776.0,0.963452836756004,0.9971181556195964,4183.0,4320.0,0.9678819444444444,0.5078914701188154,actuated_tsp,2019-02-11,weekday
d6,288.0,287.0,0.7395833333333334,0.7421602787456446,2679.0,4736.0,0.9592476851851852,0.3560716898317483,actuated_tsp,2019-02-11,weekday
d7,286.0,287.0,0.9615384615384616,0.9581881533101044,8166.0,11298.0,0.9602777777777778,0.70020964360587,actuated_tsp,2019-02-11,weekday
d8,286.0,311.0,0.0139860139860139,0.0128617363344051,1559.0,1579.0,0.9641203703703703,0.0060916960564283,actuated_tsp,2019-02-11,weekday
d9,2012.0,1954.0,0.172962226640159,0.1780962128966223,2115.0,2889.0,0.945601851851852,0.0313272877164056,actuated_tsp,2019-02-11,weekday
d10,894.0,883.0,0.0648769574944071,0.0656851642129105,917.0,1646.0,0.9708449074074074,0.0086580086580086,actuated_tsp,2019-02-11,weekday
d1,139.0,139.0,1.0,1.0,4962.0,5101.0,0.9983912037037036,0.9727504410899824,actuated_tsp,2019-02-12,weekday
d2,284.0,284.0,0.5105633802816901,0.5105633802816901,691.0,1561.0,0.9823379629629628,0.1921651667548967,actuated_tsp,2019-02-12,weekday
d3,285.0,284.0,0.4526315789473684,0.454225352112676,1224.0,1503.0,0.9792708333333332,0.2071713147410358,actuated_tsp,2019-02-12,weekday
d4,1266.0,1260.0,0.9684044233807269,0.973015873015873,2564.0,3010.0,0.9696527777777778,0.3601756954612006,actuated_tsp,2019-02-12,weekday
d5,3049.0,2939.0,0.9609708101016728,0.9969377339231033,4776.0,4610.0,0.9619675925925926,0.4813762626262626,actuated_tsp,2019-02-12,weekday
d6,285.0,283.0,0.7263157894736842,0.7314487632508834,2549.0,4455.0,0.9585416666666666,0.3232571320612129,actuated_tsp,2019-02-12,weekday
d7,282.0,283.0,0.9609929078014184,0.9575971731448764,8337.0,11253.0,0.9631018518518518,0.7200807796997103,actuated_tsp,2019-02-12,weekday
d8,287.0,316.0,0.024390243902439,0.0221518987341772,1445.0,1589.0,0.9655092592592592,0.0089790488859328,actuated_tsp,2019-02-12,weekday
d9,2143.0,2108.0,0.1628558096126925,0.1655597722960151,2378.0,3059.0,0.9408912037037036,0.0312974203338391,actuated_tsp,2019-02-12,weekday
d10,950.0,1080.0,0.1084210526315789,0.0953703703703703,984.0,2010.0,0.966226851851852,0.0128552097428958,actuated_tsp,2019-02-12,weekday
d1,139.0,139.0,1.0,1.0,5095.0,5234.0,0.9983912037037036,0.9734428735192968,actuated_tsp,2019-02-13,weekday
d2,284.0,281.0,0.5035211267605634,0.5088967971530249,664.0,1562.0,0.982523148148148,0.1916488222698072,actuated_tsp,2019-02-13,weekday
d3,285.0,284.0,0.4666666666666667,0.4683098591549295,1074.0,1485.0,0.9807986111111112,0.2133712660028449,actuated_tsp,2019-02-13,weekday
d4,1238.0,1230.0,0.975767366720517,0.9821138211382112,3660.0,2726.0,0.962662037037037,0.328755722014149,actuated_tsp,2019-02-13,weekday
d5,3364.0,3225.0,0.9482758620689656,0.9891472868217054,5505.0,5260.0,0.9533217592592592,0.4549263413974861,actuated_tsp,2019-02-13,weekday
d6,289.0,286.0,0.7197231833910035,0.7272727272727273,2430.0,5014.0,0.9542824074074074,0.3066526241881692,actuated_tsp,2019-02-13,weekday
d7,286.0,286.0,0.9615384615384616,0.9615384615384616,8604.0,11959.0,0.9565625,0.6913143609146242,actuated_tsp,2019-02-13,weekday
d8,286.0,316.0,0.0104895104895104,0.0094936708860759,1325.0,1591.0,0.9667361111111112,0.0072538860103626,actuated_tsp,2019-02-13,weekday
d9,2368.0,2303.0,0.1566722972972972,0.1610942249240121,2596.0,3334.0,0.9350462962962964,0.0275515508577369,actuated_tsp,2019-02-13,weekday
d10,956.0,1054.0,0.0889121338912133,0.0806451612903225,990.0,1970.0,0.9665972222222222,0.0126582278481012,actuated_tsp,2019-02-13,weekday
d1,139.0,139.0,1.0,1.0,5266.0,5405.0,0.9983912037037036,0.9742830712303424,actuated_tsp,2019-02-14,weekday
d2,283.0,284.0,0.5159010600706714,0.5140845070422535,841.0,1562.0,0.9806828703703704,0.1802554027504911,actuated_tsp,2019-02-14,weekday
d3,285.0,284.0,0.4456140350877193,0.4471830985915493,1241.0,1510.0,0.9793402777777778,0.2129629629629629,actuated_tsp,2019-02-14,weekday
d4,1671.0,1656.0,0.9616995810891682,0.9704106280193237,6886.0,4623.0,0.9238541666666666,0.2725563909774436,actuated_tsp,2019-02-14,weekday
d5,3561.0,3421.0,0.9545071609098568,0.9935691318327974,5748.0,5458.0,0.9525462962962964,0.4642623807657128,actuated_tsp,2019-02-14,weekday
d6,287.0,284.0,0.7317073170731707,0.7394366197183099,2638.0,4570.0,0.9609027777777778,0.3617986019270734,actuated_tsp,2019-02-14,weekday
d7,284.0,284.0,0.9577464788732394,0.9577464788732394,8518.0,11519.0,0.9620486111111112,0.7187339166237776,actuated_tsp,2019-02-14,weekday
d8,285.0,326.0,0.0280701754385964,0.0245398773006134,1507.0,1603.0,0.9648611111111112,0.0120403514480963,actuated_tsp,2019-02-14,weekday
d9,2738.0,2482.0,0.1698319941563184,0.1873489121676067,3019.0,3588.0,0.9285300925925926,0.0337975277734313,actuated_tsp,2019-02-14,weekday
d10,1078.0,1426.0,0.1150278293135436,0.0869565217391304,1173.0,2655.0,0.9570833333333332,0.0159235668789808,actuated_tsp,2019-02-14,weekday
d1,142.0,142.0,1.0,1.0,5168.0,5310.0,0.9983564053891384,0.9732580037664784,actuated_tsp,2019-02-15,weekday
d2,288.0,288.0,0.5104166666666666,0.5104166666666666,688.0,1582.0,0.981735265521552,0.1798336798336798,actuated_tsp,2019-02-15,weekday
d3,288.0,288.0,0.4409722222222222,0.4409722222222222,1140.0,1529.0,0.9799643502013982,0.2131818181818182,actuated_tsp,2019-02-15,weekday
d4,1531.0,1521.0,0.9777922926192032,0.9842209072978304,4791.0,3405.0,0.9466873466364184,0.2804249336041243,actuated_tsp,2019-02-15,weekday
d5,3402.0,3276.0,0.95326278659612,0.98992673992674,5126.0,5185.0,0.9596624843742766,0.4947810959698463,actuated_tsp,2019-02-15,weekday
d6,289.0,291.0,0.7820069204152249,0.7766323024054983,2583.0,4711.0,0.9600675957220242,0.3577810871183917,actuated_tsp,2019-02-15,weekday
d7,291.0,291.0,0.9690721649484536,0.9690721649484536,8839.0,12013.0,0.961410250474559,0.7243033159679153,actuated_tsp,2019-02-15,weekday
d8,288.0,327.0,0.0069444444444444,0.0061162079510703,1338.0,1618.0,0.9661095421084308,0.0047586675730795,actuated_tsp,2019-02-15,weekday
d9,2419.0,2364.0,0.1533691608102521,0.1569373942470389,2577.0,3413.0,0.9347886476225752,0.0306262904335856,actuated_tsp,2019-02-15,weekday
d10,1094.0,1308.0,0.0968921389396709,0.0810397553516819,1138.0,2430.0,0.9600212972822816,0.0162346909712332,actuated_tsp,2019-02-15,weekday
d1,130.0,130.0,1.0,1.0,4696.0,4826.0,0.9984897594070564,0.9730625777041028,actuated_tsp,2019-02-16,weekend
d2,265.0,265.0,0.5094339622641509,0.5094339622641509,652.0,1457.0,0.9835383775369138,0.1962563811684628,actuated_tsp,2019-02-16,weekend
d3,265.0,265.0,0.3962264150943396,0.3962264150943396,1071.0,1446.0,0.9797279243485636,0.1811356170811825,actuated_tsp,2019-02-16,weekend
d4,1836.0,1813.0,0.9760348583877996,0.9884169884169884,13571.0,4164.0,0.8506372053578689,0.1594534518828451,actuated_tsp,2019-02-16,weekend
d5,2754.0,2677.0,0.9694989106753812,0.9973851326111318,3532.0,4054.0,0.9756967436889368,0.5676792725769787,actuated_tsp,2019-02-16,weekend
d6,268.0,263.0,0.7686567164179104,0.7832699619771863,2329.0,4448.0,0.9605827205241696,0.3327433628318584,actuated_tsp,2019-02-16,weekend
d7,263.0,263.0,0.9923954372623576,0.9923954372623576,7848.0,10716.0,0.9630339571788704,0.7073484778809896,actuated_tsp,2019-02-16,weekend
d8,271.0,301.0,0.029520295202952,0.0265780730897009,1469.0,1476.0,0.9668560276025512,0.0158675405312176,actuated_tsp,2019-02-16,weekend
d9,2295.0,2362.0,0.147276688453159,0.1430990685859441,2442.0,3360.0,0.9355475783872954,0.0223788546255506,actuated_tsp,2019-02-16,weekend
d10,934.0,1193.0,0.0642398286937901,0.0502933780385582,956.0,2195.0,0.9639052498286458,0.0070310003195909,actuated_tsp,2019-02-16,weekend
d1,101.0,101.0,1.0,1.0,3199.0,3300.0,0.9988310185185184,0.9693939393939394,actuated_tsp,2019-02-17,weekend
d2,206.0,206.0,0.5194174757281553,0.5194174757281553,505.0,1131.0,0.9873842592592592,0.2002934702861335,actuated_tsp,2019-02-17,weekend
d3,206.0,206.0,0.4368932038834951,0.4368932038834951,765.0,1084.0,0.9854282407407408,0.1898326898326898,actuated_tsp,2019-02-17,weekend
d4,1325.0,1315.0,0.9886792452830188,0.9961977186311788,9633.0,2417.0,0.9002777777777777,0.1661666505371141,actuated_tsp,2019-02-17,weekend
d5,2082.0,2014.0,0.9606147934678194,0.99304865938431,2968.0,3130.0,0.977824074074074,0.521836785625156,actuated_tsp,2019-02-17,weekend
d6,208.0,208.0,0.7451923076923077,0.7451923076923077,1643.0,3098.0,0.9738078703703704,0.3537978298115363,actuated_tsp,2019-02-17,weekend
d7,208.0,208.0,1.0,1.0,6098.0,8019.0,0.9749652777777778,0.7342751842751842,actuated_tsp,2019-02-17,weekend
d8,216.0,230.0,0.0138888888888888,0.0130434782608695,1142.0,1150.0,0.9737962962962964,0.006145741878841,actuated_tsp,2019-02-17,weekend
d9,1651.0,1799.0,0.1284070260448213,0.1178432462479155,1708.0,2588.0,0.9522453703703704,0.0201852291617193,actuated_tsp,2019-02-17,weekend
d10,823.0,859.0,0.0935601458080194,0.089639115250291,841.0,1586.0,0.972488425925926,0.0104079933388842,actuated_tsp,2019-02-17,weekend
d1,139.0,139.0,1.0,1.0,4913.0,5052.0,0.9983912037037036,0.972486144101346,actuated_tsp,2019-02-18,weekday
d2,283.0,283.0,0.5159010600706714,0.5159010600706714,672.0,1554.0,0.9824074074074074,0.188467698878804,actuated_tsp,2019-02-18,weekday
d3,284.0,283.0,0.4366197183098591,0.4381625441696113,1308.0,1537.0,0.977789351851852,0.1943744752308984,actuated_tsp,2019-02-18,weekday
d4,1235.0,1227.0,0.977327935222672,0.9837000814995924,3518.0,2822.0,0.9651851851851851,0.3564398801882755,actuated_tsp,2019-02-18,weekday
d5,2924.0,2839.0,0.9675102599179206,0.9964776329693554,4737.0,4445.0,0.961412037037037,0.4672419303291786,actuated_tsp,2019-02-18,weekday
d6,288.0,284.0,0.7604166666666666,0.7711267605633803,2838.0,4868.0,0.9551388888888888,0.3306855465377309,actuated_tsp,2019-02-18,weekday
d7,284.0,284.0,0.9823943661971832,0.9823943661971832,8151.0,11242.0,0.9595254629629628,0.6944517256443862,actuated_tsp,2019-02-18,weekday
d8,288.0,315.0,0.0381944444444444,0.0349206349206349,1532.0,1580.0,0.9652083333333332,0.0173259235044132,actuated_tsp,2019-02-18,weekday
d9,2050.0,2024.0,0.1678048780487805,0.1699604743083003,2159.0,2953.0,0.9448148148148148,0.0348178137651821,actuated_tsp,2019-02-18,weekday
d10,966.0,1053.0,0.098343685300207,0.0902184235517568,1015.0,1961.0,0.9665277777777778,0.0143149284253578,actuated_tsp,2019-02-18,weekday
d1,139.0,139.0,1.0,1.0,5173.0,5312.0,0.9983912037037036,0.9738328313253012,actuated_tsp,2019-02-19,weekday
d2,284.0,283.0,0.5105633802816901,0.5123674911660777,667.0,1562.0,0.9828356481481482,0.2009698275862069,actuated_tsp,2019-02-19,weekday
d3,287.0,284.0,0.4250871080139373,0.4295774647887324,1187.0,1528.0,0.9782060185185184,0.1809482383645063,actuated_tsp,2019-02-19,weekday
d4,1222.0,1213.0,0.969721767594108,0.9769167353668592,2555.0,2839.0,0.9680324074074074,0.3227072094163806,actuated_tsp,2019-02-19,weekday
d5,3280.0,3168.0,0.9591463414634146,0.9930555555555556,5091.0,5010.0,0.9590162037037036,0.4808679079313883,actuated_tsp,2019-02-19,weekday
d6,285.0,287.0,0.7298245614035088,0.7247386759581882,2794.0,4717.0,0.9569560185185184,0.33766696349065,actuated_tsp,2019-02-19,weekday
d7,287.0,287.0,0.9721254355400696,0.9721254355400696,8207.0,11328.0,0.9607291666666666,0.704030006978367,actuated_tsp,2019-02-19,weekday
d8,288.0,316.0,0.0173611111111111,0.0158227848101265,1383.0,1580.0,0.9662847222222222,0.0085091899251191,actuated_tsp,2019-02-19,weekday
d9,2189.0,2242.0,0.1594335312928277,0.155664585191793,2376.0,3250.0,0.938425925925926,0.027955417504111,actuated_tsp,2019-02-19,weekday
d10,947.0,1041.0,0.0950369588173178,0.0864553314121037,1013.0,1944.0,0.966863425925926,0.0161512027491408,actuated_tsp,2019-02-19,weekday
d1,139.0,139.0,1.0,1.0,5135.0,5274.0,0.9983912037037036,0.9736442927569208,actuated_tsp,2019-02-20,weekday
d2,284.0,282.0,0.5070422535211268,0.5106382978723404,657.0,1561.0,0.9822453703703704,0.1823027718550106,actuated_tsp,2019-02-20,weekday
d3,286.0,284.0,0.451048951048951,0.454225352112676,1171.0,1491.0,0.9793981481481482,0.1985592075641603,actuated_tsp,2019-02-20,weekday
d4,1198.0,1189.0,0.969949916527546,0.977291841883936,2662.0,2929.0,0.9710300925925924,0.3815171732147269,actuated_tsp,2019-02-20,weekday
d5,3376.0,3270.0,0.9632701421800948,0.9944954128440368,5169.0,5164.0,0.9582523148148148,0.4824964131994261,actuated_tsp,2019-02-20,weekday
d6,288.0,286.0,0.7743055555555556,0.7797202797202797,2464.0,4908.0,0.9565972222222222,0.3256608523646826,actuated_tsp,2019-02-20,weekday
d7,285.0,286.0,0.9789473684210528,0.9755244755244756,8539.0,11900.0,0.9589236111111112,0.7041020510255127,actuated_tsp,2019-02-20,weekday
d8,288.0,314.0,0.0277777777777777,0.0254777070063694,1435.0,1589.0,0.9655787037037036,0.0083361120373457,actuated_tsp,2019-02-20,weekday
d9,2284.0,2302.0,0.165061295971979,0.1637706342311033,2452.0,3339.0,0.9366782407407408,0.0284141360326762,actuated_tsp,2019-02-20,weekday
d10,956.0,1022.0,0.0899581589958159,0.0841487279843444,1000.0,1913.0,0.9671875,0.0135699373695198,actuated_tsp,2019-02-20,weekday
d1,139.0,139.0,1.0,1.0,4743.0,4882.0,0.9983912037037036,0.9715280622695616,actuated_tsp,2019-02-21,weekday
d2,282.0,280.0,0.5070921985815603,0.5107142857142857,662.0,1551.0,0.9824189814814814,0.1859592711682743,actuated_tsp,2019-02-21,weekday
d3,283.0,282.0,0.4522968197879858,0.4539007092198581,1111.0,1530.0,0.9794791666666668,0.196647032170367,actuated_tsp,2019-02-21,weekday
d4,1334.0,1327.0,0.9775112443778112,0.9826676714393368,3390.0,2888.0,0.9640972222222224,0.338592750533049,actuated_tsp,2019-02-21,weekday
d5,3294.0,3140.0,0.9447480267152398,0.9910828025477708,5644.0,5089.0,0.9514699074074074,0.438161597212917,actuated_tsp,2019-02-21,weekday
d6,289.0,283.0,0.7439446366782007,0.7597173144876325,2728.0,4518.0,0.9615277777777778,0.371050141911069,actuated_tsp,2019-02-21,weekday
d7,282.0,283.0,0.9822695035460992,0.978798586572438,8445.0,10956.0,0.9627199074074074,0.7152329590663955,actuated_tsp,2019-02-21,weekday
d8,285.0,314.0,0.0210526315789473,0.019108280254777,1376.0,1572.0,0.966574074074074,0.0102810143934201,actuated_tsp,2019-02-21,weekday
d9,2314.0,2268.0,0.1892826274848746,0.1931216931216931,2442.0,3294.0,0.938425925925926,0.0376266280752532,actuated_tsp,2019-02-21,weekday
d10,1042.0,1140.0,0.0978886756238003,0.0894736842105263,1083.0,2130.0,0.963900462962963,0.0148452305748578,actuated_tsp,2019-02-21,weekday
d1,143.0,143.0,1.0,1.0,4824.0,4967.0,0.9983449074074074,0.9712099859069862,actuated_tsp,2019-02-22,weekday
d2,291.0,291.0,0.5085910652920962,0.5085910652920962,668.0,1598.0,0.9818055555555556,0.1808233454924439,actuated_tsp,2019-02-22,weekday
d3,292.0,291.0,0.4349315068493151,0.436426116838488,1141.0,1556.0,0.9787152777777778,0.1891534391534391,actuated_tsp,2019-02-22,weekday
d4,1567.0,1557.0,0.97702616464582,0.98330122029544,3737.0,3623.0,0.9600694444444444,0.3617021276595745,actuated_tsp,2019-02-22,weekday
d5,3462.0,3370.0,0.9656268053148468,0.9919881305637982,5017.0,5283.0,0.9604861111111112,0.5021146273880706,actuated_tsp,2019-02-22,weekday
d6,294.0,288.0,0.7619047619047619,0.7777777777777778,2593.0,4710.0,0.9597569444444444,0.3549165120593692,actuated_tsp,2019-02-22,weekday
d7,287.0,288.0,0.9790940766550522,0.9756944444444444,8541.0,11556.0,0.9605439814814816,0.7099463966646814,actuated_tsp,2019-02-22,weekday
d8,296.0,330.0,0.0067567567567567,0.006060606060606,1319.0,1635.0,0.9660416666666668,0.0033967391304347,actuated_tsp,2019-02-22,weekday
d9,2552.0,2407.0,0.1649686520376175,0.1749065226422933,2674.0,3512.0,0.932962962962963,0.032893638336951,actuated_tsp,2019-02-22,weekday
d10,1046.0,1336.0,0.1022944550669216,0.0800898203592814,1085.0,2498.0,0.9596180555555556,0.0132918552036199,actuated_tsp,2019-02-22,weekday
d1,136.0,136.0,1.0,1.0,5004.0,5140.0,0.998425925925926,0.9735408560311284,actuated_tsp,2019-02-23,weekend
d2,272.0,274.0,0.5110294117647058,0.5072992700729927,645.0,1506.0,0.9829745370370372,0.18774157923799,actuated_tsp,2019-02-23,weekend
d3,272.0,274.0,0.3823529411764705,0.3795620437956204,1232.0,1472.0,0.978449074074074,0.1844064826982041,actuated_tsp,2019-02-23,weekend
d4,1861.0,1830.0,0.9715206878022568,0.9879781420765028,15208.0,4067.0,0.828136574074074,0.12970343453288,actuated_tsp,2019-02-23,weekend
d5,2891.0,2816.0,0.9716361120719474,0.9975142045454546,3808.0,4280.0,0.973125,0.5538904899135446,actuated_tsp,2019-02-23,weekend
d6,277.0,278.0,0.7256317689530686,0.7230215827338129,2570.0,4464.0,0.9594444444444444,0.3349781742266084,actuated_tsp,2019-02-23,weekend
d7,278.0,278.0,0.960431654676259,0.960431654676259,8409.0,11172.0,0.9622106481481482,0.7141731594152149,actuated_tsp,2019-02-23,weekend
d8,272.0,310.0,0.0183823529411764,0.0161290322580645,1391.0,1534.0,0.9667476851851852,0.0089686098654708,actuated_tsp,2019-02-23,weekend
d9,2116.0,2465.0,0.1417769376181474,0.1217038539553752,2239.0,3472.0,0.9367013888888888,0.0216457960644007,actuated_tsp,2019-02-23,weekend
d10,1136.0,1210.0,0.0853873239436619,0.0801652892561983,1301.0,2213.0,0.960625,0.0161943319838056,actuated_tsp,2019-02-23,weekend
d1,101.0,101.0,1.0,1.0,3363.0,3464.0,0.9988310185185184,0.9708429561200924,actuated_tsp,2019-02-24,weekend
d2,206.0,205.0,0.5048543689320388,0.5073170731707317,494.0,1132.0,0.9872453703703704,0.1920821114369501,actuated_tsp,2019-02-24,weekend
d3,206.0,206.0,0.4660194174757281,0.4660194174757281,728.0,1076.0,0.986226851851852,0.2050768203072812,actuated_tsp,2019-02-24,weekend
d4,1357.0,1345.0,0.9882092851879144,0.9970260223048328,9498.0,2572.0,0.8975694444444444,0.1539196940726577,actuated_tsp,2019-02-24,weekend
d5,2416.0,2340.0,0.9441225165562914,0.9747863247863248,3427.0,3794.0,0.9722800925925926,0.5018718801996672,actuated_tsp,2019-02-24,weekend
d6,212.0,212.0,0.6650943396226415,0.6650943396226415,1717.0,3195.0,0.9715972222222222,0.3336953570458865,actuated_tsp,2019-02-24,weekend
d7,212.0,212.0,0.9905660377358492,0.9905660377358492,6124.0,8091.0,0.9752430555555556,0.7384126207655619,actuated_tsp,2019-02-24,weekend
d8,209.0,230.0,0.0287081339712918,0.0260869565217391,923.0,1155.0,0.9761111111111112,0.0033800096571704,actuated_tsp,2019-02-24,weekend
d9,1849.0,2015.0,0.1546782044348296,0.1419354838709677,1933.0,2814.0,0.9473958333333332,0.0217391304347826,actuated_tsp,2019-02-24,weekend
d10,807.0,881.0,0.0867410161090458,0.079455164585698,826.0,1627.0,0.9724421296296296,0.0148944973107157,actuated_tsp,2019-02-24,weekend
d1,140.0,140.0,1.0,1.0,5069.0,5209.0,0.9983796296296296,0.9731234401996544,actuated_tsp,2019-02-25,weekday
d2,283.0,282.0,0.5017667844522968,0.5035460992907801,671.0,1562.0,0.9821643518518518,0.1833598304186539,actuated_tsp,2019-02-25,weekday
d3,283.0,284.0,0.4275618374558304,0.426056338028169,1032.0,1525.0,0.9800810185185184,0.1954184198223469,actuated_tsp,2019-02-25,weekday
d4,1058.0,1056.0,0.9829867674858224,0.9848484848484848,2885.0,1960.0,0.9722337962962962,0.3376587520706792,actuated_tsp,2019-02-25,weekday
d5,3401.0,3284.0,0.9582475742428698,0.9923873325213156,5739.0,5225.0,0.9520833333333332,0.4518008474576271,actuated_tsp,2019-02-25,weekday
d6,282.0,283.0,0.7163120567375887,0.7137809187279152,2697.0,4220.0,0.9626273148148148,0.3634930021683422,actuated_tsp,2019-02-25,weekday
d7,283.0,283.0,0.9858657243816256,0.9858657243816256,8428.0,11205.0,0.9671180555555556,0.7471745127703123,actuated_tsp,2019-02-25,weekday
d8,284.0,311.0,0.0176056338028169,0.0160771704180064,1366.0,1576.0,0.9664814814814816,0.0078794107571086,actuated_tsp,2019-02-25,weekday
d9,2198.0,2298.0,0.1965423111919927,0.1879895561357702,2403.0,3324.0,0.9385069444444444,0.0375,actuated_tsp,2019-02-25,weekday
d10,1034.0,908.0,0.0705996131528046,0.0803964757709251,1090.0,1692.0,0.968587962962963,0.012372634643377,actuated_tsp,2019-02-25,weekday
d1,138.0,138.0,1.0,1.0,5141.0,5279.0,0.9984027777777778,0.9738586853570752,actuated_tsp,2019-02-26,weekday
d2,284.0,279.0,0.5,0.5089605734767025,664.0,1563.0,0.9824652777777778,0.1902725815072154,actuated_tsp,2019-02-26,weekday
d3,284.0,284.0,0.4084507042253521,0.4084507042253521,1164.0,1537.0,0.9779282407407408,0.1723090277777778,actuated_tsp,2019-02-26,weekday
d4,1180.0,1175.0,0.9788135593220338,0.9829787234042552,3642.0,2496.0,0.9628935185185186,0.3137842465753425,actuated_tsp,2019-02-26,weekday
d5,3762.0,3594.0,0.9380648591174908,0.9819143016138008,7065.0,5942.0,0.9363310185185184,0.4055543548735681,actuated_tsp,2019-02-26,weekday
d6,285.0,286.0,0.7368421052631579,0.7342657342657343,2742.0,5047.0,0.9505439814814814,0.2914939479356657,actuated_tsp,2019-02-26,weekday
d7,285.0,286.0,0.9649122807017544,0.9615384615384616,8496.0,11897.0,0.9573263888888888,0.6937707641196014,actuated_tsp,2019-02-26,weekday
d8,287.0,314.0,0.0383275261324041,0.0350318471337579,1481.0,1576.0,0.9656597222222222,0.0149402390438247,actuated_tsp,2019-02-26,weekday
d9,2380.0,2545.0,0.1773109243697479,0.1658153241650294,3495.0,3664.0,0.9235069444444444,0.0399477048227774,actuated_tsp,2019-02-26,weekday
d10,1059.0,1009.0,0.0830972615675165,0.087215064420218,1145.0,1894.0,0.9659143518518518,0.0157085561497326,actuated_tsp,2019-02-26,weekday
d1,140.0,140.0,1.0,1.0,4894.0,5034.0,0.9983796296296296,0.9721891140246324,actuated_tsp,2019-02-27,weekday
d2,283.0,282.0,0.5123674911660777,0.5141843971631206,676.0,1556.0,0.9823611111111112,0.1884984025559105,actuated_tsp,2019-02-27,weekday
d3,284.0,283.0,0.4471830985915493,0.4487632508833922,1251.0,1500.0,0.9786689814814816,0.1976491075315629,actuated_tsp,2019-02-27,weekday
d4,1187.0,1177.0,0.9738837405223252,0.9821580288870008,3457.0,2716.0,0.9653819444444444,0.3472282845918812,actuated_tsp,2019-02-27,weekday
d5,3901.0,3739.0,0.9471930274288644,0.988232147633057,6558.0,6095.0,0.9429282407407408,0.4391492265696087,actuated_tsp,2019-02-27,weekday
d6,284.0,283.0,0.7183098591549296,0.7208480565371025,2393.0,4405.0,0.9630555555555556,0.360960960960961,actuated_tsp,2019-02-27,weekday
d7,283.0,283.0,0.9717314487632508,0.9717314487632508,8408.0,11227.0,0.9646180555555556,0.7305658381808567,actuated_tsp,2019-02-27,weekday
d8,287.0,313.0,0.0209059233449477,0.0191693290734824,1390.0,1579.0,0.9661689814814814,0.0078071961982348,actuated_tsp,2019-02-27,weekday
d9,2555.0,2625.0,0.1863013698630137,0.1813333333333333,2749.0,3839.0,0.9283796296296296,0.0313087038196618,actuated_tsp,2019-02-27,weekday
d10,1076.0,1014.0,0.0743494423791821,0.0788954635108481,1131.0,1887.0,0.965925925925926,0.0124119423012411,actuated_tsp,2019-02-27,weekday
d1,140.0,140.0,1.0,1.0,5253.0,5393.0,0.998379592120188,0.9740404227702576,actuated_tsp,2019-02-28,weekday
d2,285.0,284.0,0.5052631578947369,0.5070422535211268,676.0,1568.0,0.9823144054260516,0.1898197242841993,actuated_tsp,2019-02-28,weekday
d3,286.0,285.0,0.4055944055944055,0.4070175438596491,1329.0,1564.0,0.9771406745526516,0.1885784716516023,actuated_tsp,2019-02-28,weekday
d4,1275.0,1270.0,0.976470588235294,0.9803149606299212,3568.0,2790.0,0.9670131253038264,0.3809730668983492,actuated_tsp,2019-02-28,weekday
d5,4160.0,3974.0,0.9326923076923076,0.9763462506290892,7422.0,6683.0,0.9318849973379012,0.4112056028014007,actuated_tsp,2019-02-28,weekday
d6,286.0,284.0,0.7587412587412588,0.7640845070422535,2483.0,4682.0,0.9599874997106416,0.3490868009791,actuated_tsp,2019-02-28,weekday
d7,284.0,284.0,0.9859154929577464,0.9859154929577464,8395.0,11293.0,0.9613648464084816,0.710066880917224,actuated_tsp,2019-02-28,weekday
d8,288.0,317.0,0.0208333333333333,0.0189274447949526,1440.0,1584.0,0.96594828583995,0.0137445524639624,actuated_tsp,2019-02-28,weekday
d9,2671.0,2822.0,0.2077873455634593,0.1966690290574061,2980.0,4068.0,0.9242112085927916,0.0367755222124154,actuated_tsp,2019-02-28,weekday
d10,1060.0,1088.0,0.0811320754716981,0.0790441176470588,1162.0,2043.0,0.9637838838862012,0.0119987369750552,actuated_tsp,2019-02-28,weekday
