detector,label,subset,n_days,obs_total,sim_total,geh_total,geh_p50,geh_p90,geh_pct_pass,nrmse,nmae,mape,r2,pbias,d,u2,in_criterion,geh_total_verdict,nrmse_verdict,nmae_verdict,mape_verdict,r2_verdict,pbias_verdict,d_verdict,u2_verdict
d1,exact,all,59,7833.0,7833.0,0.0,0.0,0.0,100.0,0.0,0.0,0.0,1.0,0.0,1.0,1.0,False,excellent,excellent,excellent,excellent,excellent,excellent,excellent,pass
d2,exact,all,59,15894.0,15894.0,0.0,0.0,0.0,100.0,0.0,0.0,0.0,1.0,0.0,1.0,1.0,True,excellent,excellent,excellent,excellent,excellent,excellent,excellent,pass
d3,exact,all,59,15945.0,15945.0,0.0,0.0,0.0,100.0,0.0,0.0,0.0,1.0,0.0,1.0,1.0,True,excellent,excellent,excellent,excellent,excellent,excellent,excellent,pass
d4,exact,all,59,74116.0,74116.0,0.0,0.0,0.0,100.0,0.0,0.0,0.0,1.0,0.0,1.0,1.0,True,excellent,excellent,excellent,excellent,excellent,excellent,excellent,pass
d5,exact,all,59,179512.0,179512.0,0.0,0.0,0.0,100.0,0.0,0.0,0.0,1.0,0.0,1.0,1.0,True,excellent,excellent,excellent,excellent,excellent,excellent,excellent,pass
d6,exact,all,59,16135.0,16136.0,0.00787242961008009,0.0,0.0,100.0,0.2328061973472941,0.006197706848466068,0.011944577161968466,0.9999814432740219,0.006197706848466067,0.999995360458186,0.9998362561597643,True,excellent,excellent,excellent,excellent,excellent,excellent,excellent,pass
d7,exact,all,59,16048.0,16050.0,0.01578723258103716,0.0,0.0,100.0,0.33102255696145133,0.012462612163509473,0.026230831315577078,0.9999623792623615,0.012462612163509471,0.999990593179375,0.9997271673095662,True,excellent,excellent,excellent,excellent,excellent,excellent,excellent,pass
d8,exact,all,59,16047.0,16047.0,0.0,0.0,0.0,100.0,0.0,0.0,0.0,1.0,0.0,1.0,1.0,True,excellent,excellent,excellent,excellent,excellent,excellent,excellent,pass
d9,exact,all,59,129615.0,129615.0,0.0,0.0,0.0,100.0,0.0,0.0,0.0,1.0,0.0,1.0,1.0,True,excellent,excellent,excellent,excellent,excellent,excellent,excellent,pass
d10,exact,all,59,55452.0,55452.0,0.0,0.0,0.0,100.0,0.0,0.0,0.0,1.0,0.0,1.0,1.0,True,excellent,excellent,excellent,excellent,excellent,excellent,excellent,pass
d1,exact,weekday,43,5964.0,5964.0,0.0,0.0,0.0,100.0,0.0,0.0,0.0,1.0,0.0,1.0,1.0,False,excellent,excellent,excellent,excellent,excellent,excellent,excellent,pass
d2,exact,weekday,43,12115.0,12115.0,0.0,0.0,0.0,100.0,0.0,0.0,0.0,1.0,0.0,1.0,1.0,True,excellent,excellent,excellent,excellent,excellent,excellent,excellent,pass
d3,exact,weekday,43,12161.0,12161.0,0.0,0.0,0.0,100.0,0.0,0.0,0.0,1.0,0.0,1.0,1.0,True,excellent,excellent,excellent,excellent,excellent,excellent,excellent,pass
d4,exact,weekday,43,51632.0,51632.0,0.0,0.0,0.0,100.0,0.0,0.0,0.0,1.0,0.0,1.0,1.0,True,excellent,excellent,excellent,excellent,excellent,excellent,excellent,pass
d5,exact,weekday,43,143661.0,143661.0,0.0,0.0,0.0,100.0,0.0,0.0,0.0,1.0,0.0,1.0,1.0,True,excellent,excellent,excellent,excellent,excellent,excellent,excellent,pass
d6,exact,weekday,43,12283.0,12284.0,0.009022750222280107,0.0,0.0,100.0,0.2609040195223002,0.008141333550435562,0.016307893020221786,0.9999754488943755,0.00814133355043556,0.9999938615137539,0.999787011988809,True,excellent,excellent,excellent,excellent,excellent,excellent,excellent,pass
d7,exact,weekday,43,12206.0,12208.0,0.01810195676889511,0.0,0.0,100.0,0.37130162849826837,0.016385384237260367,0.03599114064230344,0.9999503530420799,0.016385384237260363,0.9999875850954368,0.9996418017257699,True,excellent,excellent,excellent,excellent,excellent,excellent,excellent,pass
d8,exact,weekday,43,12214.0,12214.0,0.0,0.0,0.0,100.0,0.0,0.0,0.0,1.0,0.0,1.0,1.0,True,excellent,excellent,excellent,excellent,excellent,excellent,excellent,pass
d9,exact,weekday,43,99514.0,99514.0,0.0,0.0,0.0,100.0,0.0,0.0,0.0,1.0,0.0,1.0,1.0,True,excellent,excellent,excellent,excellent,excellent,excellent,excellent,pass
d10,exact,weekday,43,42078.0,42078.0,0.0,0.0,0.0,100.0,0.0,0.0,0.0,1.0,0.0,1.0,1.0,True,excellent,excellent,excellent,excellent,excellent,excellent,excellent,pass
d1,exact,weekend,16,1869.0,1869.0,0.0,0.0,0.0,100.0,0.0,0.0,0.0,1.0,0.0,1.0,1.0,False,excellent,excellent,excellent,excellent,excellent,excellent,excellent,pass
d2,exact,weekend,16,3779.0,3779.0,0.0,0.0,0.0,100.0,0.0,0.0,0.0,1.0,0.0,1.0,1.0,True,excellent,excellent,excellent,excellent,excellent,excellent,excellent,pass
d3,exact,weekend,16,3784.0,3784.0,0.0,0.0,0.0,100.0,0.0,0.0,0.0,1.0,0.0,1.0,1.0,True,excellent,excellent,excellent,excellent,excellent,excellent,excellent,pass
d4,exact,weekend,16,22484.0,22484.0,0.0,0.0,0.0,100.0,0.0,0.0,0.0,1.0,0.0,1.0,1.0,True,excellent,excellent,excellent,excellent,excellent,excellent,excellent,pass
d5,exact,weekend,16,35851.0,35851.0,0.0,0.0,0.0,100.0,0.0,0.0,0.0,1.0,0.0,1.0,1.0,True,excellent,excellent,excellent,excellent,excellent,excellent,excellent,pass
d6,exact,weekend,16,3852.0,3852.0,0.0,0.0,0.0,100.0,0.0,0.0,0.0,1.0,0.0,1.0,1.0,True,excellent,excellent,excellent,excellent,excellent,excellent,excellent,pass
d7,exact,weekend,16,3842.0,3842.0,0.0,0.0,0.0,100.0,0.0,0.0,0.0,1.0,0.0,1.0,1.0,True,excellent,excellent,excellent,excellent,excellent,excellent,excellent,pass
d8,exact,weekend,16,3833.0,3833.0,0.0,0.0,0.0,100.0,0.0,0.0,0.0,1.0,0.0,1.0,1.0,True,excellent,excellent,excellent,excellent,excellent,excellent,excellent,pass
d9,exact,weekend,16,30101.0,30101.0,0.0,0.0,0.0,100.0,0.0,0.0,0.0,1.0,0.0,1.0,1.0,True,excellent,excellent,excellent,excellent,excellent,excellent,excellent,pass
d10,exact,weekend,16,13374.0,13374.0,0.0,0.0,0.0,100.0,0.0,0.0,0.0,1.0,0.0,1.0,1.0,True,excellent,excellent,excellent,excellent,excellent,excellent,excellent,pass
d1,actuated_tsp,all,28,3718.0,3718.0,0.0,0.0,0.0,100.0,0.0,0.0,0.0,1.0,0.0,1.0,1.0,False,excellent,excellent,excellent,excellent,excellent,excellent,excellent,pass
d2,actuated_tsp,all,28,7565.0,7544.0,0.24161084930486898,0.0,0.0,100.0,3.0840272986474946,0.9120951751487111,0.77933574615617,0.996682837872665,-0.2775941837409121,0.9991685591428184,1.0027623205846148,False,excellent,excellent,excellent,excellent,excellent,excellent,excellent,FAIL
d3,actuated_tsp,all,28,7588.0,7571.0,0.19526690501180355,0.0,0.23904572186687872,100.0,2.958611534085879,0.9620453347390617,1.6599720797149675,0.9969313648607181,-0.22403795466526094,0.9992333404343993,1.0009225481057937,True,excellent,excellent,excellent,excellent,excellent,excellent,excellent,FAIL
d4,actuated_tsp,all,28,38514.0,38128.0,1.9718273577655714,0.0,0.21296249578783855,100.0,2.3277246210958826,1.0074258711118034,0.6260889252096931,0.9987842295976306,-1.0022329542504025,0.9996903986987588,0.9935303325973842,False,excellent,excellent,excellent,excellent,excellent,excellent,excellent,pass
d5,actuated_tsp,all,28,88174.0,85043.0,10.639049000290887,0.23652929601714326,0.829143321414928,100.0,5.517532942038991,3.5509333817225035,2.366824471361057,0.9946502433854699,-3.550933381722503,0.9985943041727338,0.9727228578188523,False,FAIL,pass,excellent,excellent,excellent,excellent,excellent,pass
d6,actuated_tsp,all,28,7642.0,7610.0,0.36643890596793366,0.0,0.24618298195866548,100.0,3.807701330431449,1.3347291285003924,2.7428901681182927,0.9950348729339824,-0.4187385501177702,0.9987520501443797,0.9978018055316673,True,excellent,excellent,excellent,excellent,excellent,excellent,excellent,pass
d7,actuated_tsp,all,28,7599.0,7610.0,0.12614131468697312,0.0,0.0,100.0,1.406541830860628,0.22371364653243853,0.36569975583816416,0.9993218780345646,0.14475588893275432,0.999830095813825,0.9970768718523934,False,excellent,excellent,excellent,excellent,excellent,excellent,excellent,pass
d8,actuated_tsp,all,28,7652.0,8468.0,9.089136754823905,0.24618298195866548,0.9428090415820634,100.0,16.999554417742313,11.34343962362781,10.895966707748,0.8990757485387093,10.663878724516467,0.977645872365412,1.1674715895272283,True,FAIL,FAIL,FAIL,pass,FAIL,FAIL,excellent,FAIL
d9,actuated_tsp,all,28,63838.0,63753.0,0.33653009098107495,1.5385212297989885,3.676955262170047,97.47023809523809,22.339726697504638,16.527773426485794,23.215478989608528,0.8643068438135486,-0.1331495347598609,0.9706642757238166,1.2548766076222282,True,excellent,FAIL,FAIL,FAIL,FAIL,excellent,excellent,FAIL
d10,actuated_tsp,all,28,27331.0,30342.0,17.73125525733822,1.5549631660464482,3.768307387866545,97.47023809523809,38.73977355508131,28.330467235007866,48.0136820043428,0.6644806747803991,11.016794116570926,0.9203705948169744,1.159780377986823,True,FAIL,FAIL,FAIL,FAIL,FAIL,FAIL,pass,FAIL
d1,actuated_tsp,weekday,20,2798.0,2798.0,0.0,0.0,0.0,100.0,0.0,0.0,0.0,1.0,0.0,1.0,1.0,False,excellent,excellent,excellent,excellent,excellent,excellent,excellent,pass
d2,actuated_tsp,weekday,20,5696.0,5674.0,0.29178129422351784,0.0,0.24618298195866548,100.0,3.171794885010173,1.018258426966292,0.9231036732874969,0.9962578694803574,-0.3862359550561798,0.9990607492642536,1.0018352848658787,False,excellent,excellent,excellent,excellent,excellent,excellent,excellent,FAIL
d3,actuated_tsp,weekday,20,5716.0,5699.0,0.22502250824293984,0.0,0.24618298195866548,100.0,2.9441125217582407,1.0321903428971309,2.0578321863724915,0.9967550265006169,-0.2974107767669699,0.9991884973859988,1.0005786702642734,True,excellent,excellent,excellent,excellent,excellent,excellent,excellent,FAIL
d4,actuated_tsp,weekday,20,26038.0,25840.0,1.229386884696346,0.0,0.19527362664455442,100.0,1.6488403551730535,0.7681081496274677,0.5067158156430851,0.9993576629547959,-0.7604270681311929,0.9998375377950268,0.9968000844625426,False,excellent,excellent,excellent,excellent,excellent,excellent,excellent,pass
d5,actuated_tsp,weekday,20,69479.0,66841.0,10.10438767242933,0.3188410921733671,0.8801771162270169,100.0,5.582165363821732,3.7968306970451504,2.616794290688846,0.9941342534921864,-3.7968306970451504,0.9984590654034878,0.972805820255205,False,FAIL,pass,excellent,excellent,excellent,excellent,excellent,pass
d6,actuated_tsp,weekday,20,5749.0,5723.0,0.3432960264629001,0.0,0.24618298195866548,100.0,3.8488270477479443,1.42633501478518,3.482142707318271,0.9945913694561951,-0.4522525656635937,0.9986418580890388,0.9925642346273912,True,excellent,excellent,excellent,excellent,excellent,excellent,excellent,pass
d7,actuated_tsp,weekday,20,5712.0,5723.0,0.14547541290072274,0.0,0.0,100.0,1.5814551527501701,0.2976190476190476,0.5116148703870576,0.9990912589804994,0.19257703081232494,0.9997720635754912,0.9951593100171868,False,excellent,excellent,excellent,excellent,excellent,excellent,excellent,pass
d8,actuated_tsp,weekday,20,5753.0,6356.0,7.749580079678313,0.24618298195866548,0.9176629354822471,100.0,16.560445245562423,11.00295498001043,10.582910862787024,0.8978329229263717,10.481487919346428,0.9774853976970695,1.1828661054826346,True,FAIL,FAIL,FAIL,pass,FAIL,FAIL,excellent,FAIL
d9,actuated_tsp,weekday,20,48277.0,47570.0,3.2295733271028744,1.448837012210066,3.2721530502611467,98.95833333333334,17.758613989443862,13.863744640304906,20.65440344299951,0.9163083687153045,-1.464465480456532,0.9814573872817054,1.1684908833968721,True,pass,FAIL,FAIL,FAIL,pass,excellent,excellent,FAIL
d10,actuated_tsp,weekday,20,20291.0,22232.0,13.311548689186168,1.470226446912317,3.7756146599760334,97.29166666666667,36.395077550683865,26.814844019516045,51.594460699648536,0.7054955663536977,9.565817357449115,0.9289768065647949,1.0885178105553377,True,FAIL,FAIL,FAIL,FAIL,FAIL,pass,pass,FAIL
d1,actuated_tsp,weekend,8,920.0,920.0,0.0,0.0,0.0,100.0,0.0,0.0,0.0,1.0,0.0,1.0,1.0,False,excellent,excellent,excellent,excellent,excellent,excellent,excellent,pass
d2,actuated_tsp,weekend,8,1869.0,1870.0,0.023127956682672864,0.0,0.0,100.0,2.6730863556547453,0.588550026752274,0.41991592832785285,0.9976882531585075,0.05350454788657036,0.9994244699866632,1.005321684157758,False,excellent,excellent,excellent,excellent,excellent,excellent,excellent,FAIL
d3,actuated_tsp,weekend,8,1872.0,1872.0,0.0,0.0,0.0,100.0,2.96077061122885,0.7478632478632479,0.6528886847381091,0.9971530249110321,0.0,0.9992922859164898,1.0018467236413862,True,excellent,excellent,excellent,excellent,excellent,excellent,excellent,FAIL
d4,actuated_tsp,weekend,8,12476.0,12288.0,1.6895165463988937,0.0,0.29693206950237594,100.0,3.164850959731469,1.5068932350112214,0.9238999641805532,0.9978061282960142,-1.5068932350112216,0.9994359340883714,0.9872581941377125,False,excellent,excellent,excellent,excellent,excellent,excellent,excellent,pass
d5,actuated_tsp,weekend,8,18695.0,18202.0,3.6296637072975155,0.1250028611502849,0.5583398325766192,100.0,4.618583930020055,2.6370687349558706,1.7445037753262485,0.9958393995130932,-2.6370687349558706,0.9989104082346013,0.9745368995770686,False,pass,excellent,excellent,excellent,excellent,excellent,excellent,pass
d6,actuated_tsp,weekend,8,1893.0,1887.0,0.13801311186847084,0.0,0.0,100.0,3.5859614893771035,1.0565240359218173,0.848555536418346,0.9959344106086473,-0.31695721077654515,0.9989756898901142,1.0121472634407218,True,excellent,excellent,excellent,excellent,excellent,excellent,excellent,FAIL
d7,actuated_tsp,weekend,8,1887.0,1887.0,0.0,0.0,0.0,100.0,0.0,0.0,0.0,1.0,0.0,1.0,1.0,False,excellent,excellent,excellent,excellent,excellent,excellent,excellent,pass
d8,actuated_tsp,weekend,8,1899.0,2112.0,4.756289384179472,0.282842712474619,1.299427576820414,100.0,18.270878097694737,12.374934175882043,11.678606320150434,0.8926131391549386,11.216429699842022,0.9759562670453859,1.1359152216775628,True,pass,FAIL,FAIL,pass,FAIL,FAIL,excellent,FAIL
d9,actuated_tsp,weekend,8,15561.0,16183.0,4.937129937132406,1.6274100660146824,4.445525931703675,93.75,34.432500695395284,24.792751108540582,29.618167856131073,0.5708643001293703,3.9971724182250497,0.9212886815417493,1.4743703614905785,True,pass,FAIL,FAIL,FAIL,FAIL,excellent,pass,FAIL
d10,actuated_tsp,weekend,8,7040.0,8110.0,12.293978777898518,1.7156092560335772,3.7021597869542897,97.91666666666666,45.39939836496544,32.69886363636364,39.06173526607844,0.5032337178106578,15.198863636363637,0.8897711242315867,1.3406727186620537,True,FAIL,FAIL,FAIL,FAIL,FAIL,FAIL,FAIL,FAIL
