label,date,rows,readback_match_pct
exact,2019-01-01,66165,100.0
exact,2019-01-02,86400,100.0
exact,2019-01-03,86400,100.0
exact,2019-01-04,86400,100.0
exact,2019-01-05,86400,100.0
exact,2019-01-06,86400,100.0
exact,2019-01-07,86400,100.0
exact,2019-01-08,86400,100.0
exact,2019-01-09,86400,100.0
exact,2019-01-10,86400,100.0
exact,2019-01-11,86400,100.0
exact,2019-01-12,86400,100.0
exact,2019-01-13,86400,100.0
exact,2019-01-14,86400,100.0
exact,2019-01-15,86393,100.0
exact,2019-01-16,86222,100.0
exact,2019-01-17,86400,100.0
exact,2019-01-18,86400,100.0
exact,2019-01-19,86400,100.0
exact,2019-01-20,86400,100.0
exact,2019-01-21,86400,100.0
exact,2019-01-22,86400,100.0
exact,2019-01-23,86400,100.0
exact,2019-01-24,86400,100.0
exact,2019-01-25,86400,100.0
exact,2019-01-26,86400,100.0
exact,2019-01-27,86400,100.0
exact,2019-01-28,86400,100.0
exact,2019-01-29,86400,100.0
exact,2019-01-30,86400,100.0
exact,2019-01-31,86398,100.0
exact,2019-02-01,85971,100.0
exact,2019-02-02,86400,100.0
exact,2019-02-03,86400,100.0
exact,2019-02-04,86400,100.0
exact,2019-02-05,86400,100.0
exact,2019-02-06,86400,100.0
exact,2019-02-07,86400,100.0
exact,2019-02-08,86400,100.0
exact,2019-02-09,86400,100.0
exact,2019-02-10,86400,100.0
exact,2019-02-11,86400,100.0
exact,2019-02-12,86400,100.0
exact,2019-02-13,86400,100.0
exact,2019-02-14,86400,100.0
exact,2019-02-15,86396,100.0
exact,2019-02-16,86079,100.0
exact,2019-02-17,86400,100.0
exact,2019-02-18,86400,100.0
exact,2019-02-19,86400,100.0
exact,2019-02-20,86400,100.0
exact,2019-02-21,86400,100.0
exact,2019-02-22,86400,100.0
exact,2019-02-23,86400,100.0
exact,2019-02-24,86400,100.0
exact,2019-02-25,86400,100.0
exact,2019-02-26,86400,100.0
exact,2019-02-27,86400,100.0
exact,2019-02-28,86398,100.0
actuated_tsp,2019-02-01,85971,100.0
actuated_tsp,2019-02-02,86400,100.0
actuated_tsp,2019-02-03,86400,100.0
actuated_tsp,2019-02-04,86400,100.0
actuated_tsp,2019-02-05,86400,100.0
actuated_tsp,2019-02-06,86400,100.0
actuated_tsp,2019-02-07,86400,100.0
actuated_tsp,2019-02-08,86400,100.0
actuated_tsp,2019-02-09,86400,100.0
actuated_tsp,2019-02-10,86400,100.0
actuated_tsp,2019-02-11,86400,100.0
actuated_tsp,2019-02-12,86400,100.0
actuated_tsp,2019-02-13,86400,100.0
actuated_tsp,2019-02-14,86400,100.0
actuated_tsp,2019-02-15,86396,100.0
actuated_tsp,2019-02-16,86079,100.0
actuated_tsp,2019-02-17,86400,100.0
actuated_tsp,2019-02-18,86400,100.0
actuated_tsp,2019-02-19,86400,100.0
actuated_tsp,2019-02-20,86400,100.0
actuated_tsp,2019-02-21,86400,100.0
actuated_tsp,2019-02-22,86400,100.0
actuated_tsp,2019-02-23,86400,100.0
actuated_tsp,2019-02-24,86400,100.0
actuated_tsp,2019-02-25,86400,100.0
actuated_tsp,2019-02-26,86400,100.0
actuated_tsp,2019-02-27,86400,100.0
actuated_tsp,2019-02-28,86398,100.0
