label,date,daytype,cycle_real,cycle_sim,ew_real,ew_sim,ns_real,ns_sim,w1_cycle,w1_ew,w1_ns,sg12_nowait_real,sg12_nowait_sim,sg11_nowait_real,sg11_nowait_sim,sg12_p90_real,sg12_p90_sim,sg11_p90_real,sg11_p90_sim
actuated_tsp,2019-02-01,weekday,48.0,49.0,16.0,16.0,10.0,10.0,2.356517412935326,0.5775124378109452,0.5370646766169145,93.81443298969072,92.43986254295532,60.738255033557046,49.14089347079037,0.0,0.0,17.0,25.0
actuated_tsp,2019-02-02,weekend,48.0,47.0,16.0,16.0,10.0,10.0,1.8693532338308456,0.3880845771144271,0.3925373134328351,95.51020408163264,92.6829268292683,57.72357723577236,52.91666666666666,0.0,0.0,17.0,22.19999999999999
actuated_tsp,2019-02-03,weekend,48.0,47.0,16.0,16.0,10.0,10.0,1.677910447761196,0.3535074626865672,0.3143283582089556,97.58454106280192,96.61835748792272,61.83574879227053,53.69458128078818,0.0,0.0,15.0,18.0
actuated_tsp,2019-02-04,weekday,48.0,47.0,16.0,16.0,10.0,10.0,2.197636815920398,0.4564179104477611,0.6475124378109457,95.48611111111111,94.01408450704226,55.90277777777778,51.76056338028169,0.0,0.0,17.0,23.0
actuated_tsp,2019-02-05,weekday,48.0,48.0,16.0,16.0,10.0,10.0,2.242039800995025,0.5357960199004973,0.4300995024875624,94.66192170818503,92.88256227758008,60.07067137809188,56.07142857142857,0.0,0.0,16.80000000000001,22.0
actuated_tsp,2019-02-06,weekday,48.0,48.0,16.0,16.0,10.0,10.0,2.3889552238805982,0.5049253731343285,0.4586069651741295,96.47887323943662,94.38596491228073,58.303886925795055,51.81159420289855,0.0,0.0,16.80000000000001,21.5
actuated_tsp,2019-02-07,weekday,48.0,49.0,16.0,16.0,10.0,10.0,2.1828855721393032,0.5753233830845771,0.5283582089552256,95.77464788732394,92.6056338028169,60.13986013986013,51.25448028673835,0.0,0.0,15.0,24.0
actuated_tsp,2019-02-08,weekday,48.0,49.0,16.0,16.0,10.0,10.0,2.63592039800995,0.6013930348258706,0.5166169154228863,95.17241379310344,93.79310344827586,61.3013698630137,47.22222222222222,0.0,0.0,14.0,23.30000000000001
actuated_tsp,2019-02-09,weekend,48.0,47.0,16.0,16.0,10.0,10.0,2.0923134328358177,0.2697512437810946,0.5024378109452725,96.22641509433964,93.51145038167938,49.24812030075188,48.07692307692308,0.0,0.0,17.0,20.0
actuated_tsp,2019-02-10,weekend,48.0,47.0,16.0,16.0,10.0,10.0,1.5062686567164183,0.3499502487562196,0.3788308457711444,98.54368932038837,93.20388349514565,49.76076555023924,53.20197044334976,0.0,0.0,16.0,20.0
actuated_tsp,2019-02-11,weekday,48.0,47.0,16.0,16.0,10.0,10.0,2.105024875621892,0.4558955223880589,0.4595522388059707,95.1048951048951,92.25352112676056,54.513888888888886,48.04270462633452,0.0,0.0,15.300000000000011,24.0
actuated_tsp,2019-02-12,weekday,48.0,48.0,16.0,16.0,10.0,10.0,2.0949253731343287,0.543955223880597,0.4526368159203969,94.38596491228073,94.3661971830986,61.05263157894737,52.32974910394266,0.0,0.0,14.0,22.400000000000038
actuated_tsp,2019-02-13,weekday,48.0,48.0,16.0,16.0,10.0,10.0,2.1829353233830875,0.4776119402985074,0.4378109452736307,96.140350877193,95.07042253521126,64.3598615916955,44.642857142857146,0.0,0.0,13.199999999999989,25.099999999999994
actuated_tsp,2019-02-14,weekday,48.0,49.0,16.0,16.0,10.0,10.0,2.38495024875622,0.5448756218905472,0.5081343283582089,94.38596491228073,93.30985915492955,62.02090592334495,47.5,0.0,0.0,16.0,20.0
actuated_tsp,2019-02-15,weekday,48.0,48.0,16.0,16.0,10.0,10.0,2.3466169154228846,0.4464676616915418,0.4797014925373126,96.5277777777778,93.75,63.66782006920416,49.82698961937716,0.0,0.0,15.0,23.0
actuated_tsp,2019-02-16,weekend,48.0,47.0,16.0,16.0,10.0,10.0,2.055273631840795,0.3306467661691541,0.4619402985074634,95.47169811320757,90.56603773584906,58.582089552238806,46.89922480620155,0.0,0.0,14.0,21.0
actuated_tsp,2019-02-17,weekend,48.0,47.0,16.0,16.0,10.0,10.0,1.7361691542288535,0.2754975124378099,0.3372388059701474,96.60194174757282,94.66019417475728,60.57692307692307,50.0,0.0,0.0,12.0,20.0
actuated_tsp,2019-02-18,weekday,48.0,47.0,16.0,16.0,10.0,10.0,2.253134328358208,0.4338308457711442,0.4534328358208949,93.66197183098592,92.57950530035336,55.55555555555556,47.482014388489205,0.0,0.0,18.0,26.0
actuated_tsp,2019-02-19,weekday,48.0,47.0,16.0,16.0,10.0,10.0,2.347263681592041,0.4820398009950248,0.4477611940298507,93.37979094076655,92.25352112676056,54.736842105263165,46.45390070921986,0.0,0.0,18.0,21.0
actuated_tsp,2019-02-20,weekday,48.0,48.0,16.0,16.0,10.0,10.0,2.214701492537316,0.513383084577115,0.4685074626865675,94.75524475524476,94.71830985915491,63.54166666666666,44.32624113475177,0.0,0.0,14.0,23.90000000000001
actuated_tsp,2019-02-21,weekday,48.0,48.0,16.0,16.0,10.0,10.0,2.4703731343283573,0.5238308457711442,0.5028606965174143,95.75971731448765,92.90780141843972,57.09342560553633,52.767527675276746,0.0,0.0,17.0,23.0
actuated_tsp,2019-02-22,weekday,48.0,49.0,16.0,16.0,10.0,10.0,2.709353233830846,0.5192288557213923,0.5235820895522383,95.54794520547944,92.43986254295532,56.12244897959183,47.5177304964539,0.0,0.0,13.0,21.0
actuated_tsp,2019-02-23,weekend,48.0,48.0,16.0,16.0,10.0,10.0,2.250348258706468,0.3733830845771149,0.5236318407960199,93.01470588235294,91.6058394160584,59.92779783393502,48.888888888888886,0.0,0.0,16.400000000000006,22.0
actuated_tsp,2019-02-24,weekend,48.0,47.0,16.0,16.0,10.0,10.0,2.123134328358212,0.2203482587064672,0.4027611940298493,97.5728155339806,96.11650485436894,59.905660377358494,53.588516746411486,0.0,0.0,13.0,20.200000000000017
actuated_tsp,2019-02-25,weekday,48.0,47.0,16.0,16.0,10.0,10.0,1.9176119402985052,0.4796517412935324,0.545920398009951,96.81978798586572,92.25352112676056,58.86524822695035,55.319148936170215,0.0,0.0,15.0,23.0
actuated_tsp,2019-02-26,weekday,48.0,48.0,16.0,16.0,10.0,10.0,2.0796019900497518,0.5572139303482587,0.5052238805970147,95.4225352112676,91.19718309859157,61.40350877192983,48.04270462633452,0.0,0.0,17.599999999999994,28.0
actuated_tsp,2019-02-27,weekday,48.0,49.0,16.0,16.0,10.0,10.0,2.5429601990049746,0.5870646766169154,0.4430597014925365,94.71830985915491,93.63957597173145,61.97183098591549,48.21428571428572,0.0,0.0,12.700000000000015,20.0
actuated_tsp,2019-02-28,weekday,48.0,49.0,16.0,16.0,10.0,10.0,1.9622139303482573,0.572139303482587,0.4290298507462693,92.3076923076923,90.17543859649123,61.18881118881119,48.36363636363637,0.0,0.0,15.0,21.599999999999994
