,events_real,events_sim,event_recall,event_precision,occ_s_real,occ_s_sim,second_accuracy,jaccard
d1,139.0,139.0,1.0,1.0,4950.0,5089.0,0.9983912037037037,0.9726861858911378
d2,284.0,284.0,0.5105633802816901,0.5105633802816901,704.0,1684.0,0.9807870370370371,0.17984189723320157
d3,288.0,284.0,0.4618055555555556,0.46830985915492956,1270.0,1515.0,0.9805902777777777,0.24831913939937247
d4,1066.0,1058.0,0.9906191369606003,0.998109640831758,1992.0,2075.0,0.9829976851851852,0.4692919075144509
d5,3016.0,2907.0,0.9612068965517241,0.9972480220158239,4713.0,4462.0,0.9633680555555556,0.48703403565640196
d6,288.0,286.0,0.6875,0.6923076923076923,2767.0,3760.0,0.9863310185185186,0.6935651271406331
d7,285.0,286.0,0.9929824561403509,0.9895104895104895,8293.0,10558.0,0.9725578703703703,0.7765526340589953
d8,287.0,313.0,0.0,0.0,1377.0,1595.0,0.9657638888888889,0.002360876897133221
d9,2137.0,2126.0,0.41506785212915304,0.4172154280338664,2217.0,3066.0,0.9488773148148149,0.08927835051546391
d10,857.0,859.0,0.06301050175029171,0.06286379511059371,896.0,1597.0,0.971724537037037,0.01012965964343598
