date,weekday,n_rows,first,last,coverage_pct,gaps_gt1s,max_gap_s,night_rows,trams_d3,d4,d5,bad_codes
2019-01-01,Tue,66165,05:37:15,23:59:59,76.57986111111111,0,1,0,197,651,1028,0
2019-01-02,Wed,86400,00:00:00,23:59:59,100.0,0,1,14357,208,1147,1643,0
2019-01-03,Thu,86400,00:00:00,23:59:59,100.0,0,1,14390,283,1106,2495,0
2019-01-04,Fri,86400,00:00:00,23:59:59,100.0,0,1,14389,292,1246,2800,0
2019-01-05,Sat,86400,00:00:00,23:59:59,100.0,0,1,14356,259,1134,2203,0
2019-01-06,Sun,86400,00:00:00,23:59:59,100.0,0,1,14376,208,781,1403,0
2019-01-07,Mon,86400,00:00:00,23:59:59,100.0,0,1,14379,286,805,2926,0
2019-01-08,Tue,86400,00:00:00,23:59:59,100.0,0,1,14389,284,860,3149,0
2019-01-09,Wed,86400,00:00:00,23:59:59,100.0,0,1,14352,289,956,3240,0
2019-01-10,Thu,86400,00:00:00,23:59:59,100.0,0,1,14367,288,923,3016,0
2019-01-11,Fri,86400,00:00:00,23:59:59,100.0,0,1,14353,303,1097,3595,0
2019-01-12,Sat,86400,00:00:00,23:59:59,100.0,0,1,14375,269,1398,2638,0
2019-01-13,Sun,86400,00:00:00,23:59:59,100.0,0,1,14380,210,828,1535,0
2019-01-14,Mon,86400,00:00:00,23:59:59,100.0,0,1,14382,284,858,3193,0
2019-01-15,Tue,86393,00:00:00,23:59:52,99.99189814814815,0,1,15928,285,955,3602,0
2019-01-16,Wed,86222,00:02:58,23:59:59,99.79398148148148,0,1,14384,286,968,3643,0
2019-01-17,Thu,86400,00:00:00,23:59:59,100.0,0,1,14348,289,1122,3625,0
2019-01-18,Fri,86400,00:00:00,23:59:59,100.0,0,1,14381,294,1256,4005,0
2019-01-19,Sat,86400,00:00:00,23:59:59,100.0,0,1,14369,277,1546,2979,0
2019-01-20,Sun,86400,00:00:00,23:59:59,100.0,0,1,14367,211,970,1743,0
2019-01-21,Mon,86400,00:00:00,23:59:59,100.0,0,1,14351,286,1148,3309,0
2019-01-22,Tue,86400,00:00:00,23:59:59,100.0,0,1,14375,284,1248,3587,0
2019-01-23,Wed,86400,00:00:00,23:59:59,100.0,0,1,14364,286,1278,3538,0
2019-01-24,Thu,86400,00:00:00,23:59:59,100.0,0,1,14348,284,1291,3711,0
2019-01-25,Fri,86400,00:00:00,23:59:59,100.0,0,1,14378,293,1556,4095,0
2019-01-26,Sat,86400,00:00:00,23:59:59,100.0,0,1,14365,267,2113,2884,0
2019-01-27,Sun,86400,00:00:00,23:59:59,100.0,0,1,14390,211,1238,1771,0
2019-01-28,Mon,86400,00:00:00,23:59:59,100.0,0,1,14388,282,1114,3108,0
2019-01-29,Tue,86400,00:00:00,23:59:59,100.0,0,1,14382,286,1236,3574,0
2019-01-30,Wed,86400,00:00:00,23:59:59,100.0,0,1,14346,290,1402,3592,0
2019-01-31,Thu,86398,00:00:00,23:59:57,99.99768518518519,0,1,14352,286,1371,3708,0
2019-02-01,Fri,85971,00:07:09,23:59:59,99.50347222222223,0,1,14368,291,1509,3972,0
2019-02-02,Sat,86400,00:00:00,23:59:59,100.0,0,1,14377,245,1852,2771,0
2019-02-03,Sun,86400,00:00:00,23:59:59,100.0,0,1,14374,207,1018,1616,0
2019-02-04,Mon,86400,00:00:00,23:59:59,100.0,0,1,14346,288,1066,3016,0
2019-02-05,Tue,86400,00:00:00,23:59:59,100.0,0,1,14372,281,1234,3509,0
2019-02-06,Wed,86400,00:00:00,23:59:59,100.0,0,1,14390,284,1313,3579,0
2019-02-07,Thu,86400,00:00:00,23:59:59,100.0,0,1,14350,284,1346,3680,0
2019-02-08,Fri,86400,00:00:00,23:59:59,100.0,0,1,14382,290,1580,3914,0
2019-02-09,Sat,86400,00:00:00,23:59:59,100.0,0,1,14363,265,2060,2628,0
2019-02-10,Sun,86400,00:00:00,23:59:59,100.0,0,1,14378,206,1167,1537,0
2019-02-11,Mon,86400,00:00:00,23:59:59,100.0,0,1,14355,286,1028,2873,0
2019-02-12,Tue,86400,00:00:00,23:59:59,100.0,0,1,14359,285,1266,3049,0
2019-02-13,Wed,86400,00:00:00,23:59:59,100.0,0,1,14377,285,1238,3364,0
2019-02-14,Thu,86400,00:00:00,23:59:59,100.0,0,1,14388,285,1671,3561,0
2019-02-15,Fri,86396,00:00:00,23:59:55,99.99537037037037,0,1,14359,288,1531,3402,0
2019-02-16,Sat,86079,00:05:21,23:59:59,99.62847222222223,0,1,14365,265,1836,2754,0
2019-02-17,Sun,86400,00:00:00,23:59:59,100.0,0,1,14345,206,1325,2082,0
2019-02-18,Mon,86400,00:00:00,23:59:59,100.0,0,1,14375,284,1235,2924,0
2019-02-19,Tue,86400,00:00:00,23:59:59,100.0,0,1,14379,287,1222,3280,0
2019-02-20,Wed,86400,00:00:00,23:59:59,100.0,0,1,14390,286,1198,3376,0
2019-02-21,Thu,86400,00:00:00,23:59:59,100.0,0,1,14390,283,1334,3294,0
2019-02-22,Fri,86400,00:00:00,23:59:59,100.0,0,1,14347,292,1567,3462,0
2019-02-23,Sat,86400,00:00:00,23:59:59,100.0,0,1,14378,272,1861,2891,0
2019-02-24,Sun,86400,00:00:00,23:59:59,100.0,0,1,14375,206,1357,2416,0
2019-02-25,Mon,86400,00:00:00,23:59:59,100.0,0,1,14362,283,1058,3401,0
2019-02-26,Tue,86400,00:00:00,23:59:59,100.0,0,1,14348,284,1180,3762,0
2019-02-27,Wed,86400,00:00:00,23:59:59,100.0,0,1,14354,284,1187,3901,0
2019-02-28,Thu,86398,00:00:00,23:59:57,99.99768518518519,0,1,14368,286,1275,4160,0
