split,date,weekday,cycle_real,cycle_sim,ew_real,ew_sim,ns_real,ns_sim,ks_cycle,w1_cycle,ks_ew,w1_ew,ks_ns,w1_ns,sg12_on_arrival_real,sg12_on_arrival_sim,sg11_on_arrival_real,sg11_on_arrival_sim,ped_wait_med
train,2019-01-02,Wed,48.0,47.0,16.0,16.0,10.0,10.0,0.295268496944391,2.101940298507464,0.19761599356371395,0.4615920398009943,0.18280813954315756,0.5207960199004986,98.5576923076923,97.59615384615384,57.674418604651166,57.674418604651166,18.0
train,2019-01-03,Thu,48.0,47.0,16.0,16.0,10.0,10.0,0.24008342652201237,2.4017412935323383,0.2027376033057851,0.30800995024875605,0.1899299521291452,0.42671641791044596,97.87985865724382,95.40636042402826,56.690140845070424,58.80281690140845,19.0
train,2019-01-04,Fri,48.0,47.0,16.0,16.0,10.0,10.0,0.17910718540555015,2.385049751243784,0.20536225559693386,0.4228855721393035,0.16827524928423343,0.3631592039800977,96.91780821917808,96.23287671232876,54.94880546075085,56.655290102389074,19.0
train,2019-01-05,Sat,48.0,47.0,16.0,16.0,10.0,10.0,0.2843615244490895,1.8133333333333326,0.18861712497929023,0.3489054726368153,0.22929254346366645,0.6988308457711444,94.20849420849422,94.98069498069498,56.390977443609025,54.88721804511278,19.0
train,2019-01-06,Sun,48.0,47.0,16.0,16.0,10.0,10.0,0.34897254020647517,1.8727363184079577,0.14959084035994452,0.44238805970149214,0.1344416247454785,0.5334079601990034,99.51923076923077,96.63461538461539,53.77358490566038,55.188679245283026,18.0
train,2019-01-07,Mon,48.0,47.0,16.0,16.0,10.0,10.0,0.23465582539188623,2.1054477611940308,0.1905038478292435,0.3582089552238806,0.21880813459304027,0.684378109452736,96.15384615384616,95.1048951048951,58.098591549295776,54.22535211267606,20.0
train,2019-01-08,Tue,48.0,47.0,16.0,16.0,10.0,10.0,0.20063262429573214,2.055223880597015,0.20145770270874525,0.4674626865671642,0.24889742716793928,0.8562189054726363,96.47887323943662,96.12676056338029,54.89510489510489,54.89510489510489,20.0
train,2019-01-09,Wed,48.0,47.0,16.0,16.0,10.0,10.0,0.17667623850212444,2.012139303482587,0.22886287393128663,0.548457711442786,0.2269887119437256,0.7339303482587064,94.80968858131487,94.4636678200692,54.26621160409556,59.044368600682596,19.0
train,2019-01-10,Thu,48.0,47.0,16.0,16.0,10.0,10.0,0.19958174410540913,2.0860447761194023,0.20817858859022803,0.46860696517412936,0.20851949125033198,0.6411940298507468,95.83333333333334,95.48611111111111,60.068259385665534,57.33788395904437,19.0
train,2019-01-11,Fri,48.0,48.0,16.0,16.0,10.0,10.0,0.17548815483134228,2.313059701492538,0.1965512597309782,0.4954228855721389,0.22180380861315563,0.7247512437810931,95.37953795379538,96.36963696369637,57.84313725490197,59.150326797385624,18.0
train,2019-01-12,Sat,48.0,47.0,16.0,16.0,10.0,10.0,0.22715021486041398,2.2857213930348266,0.20577383122542203,0.35395522388059747,0.1756227591491054,0.40445273631840717,94.79553903345726,94.42379182156134,53.597122302158276,55.75539568345324,18.0
train,2019-01-13,Sun,48.0,47.0,16.0,16.0,10.0,10.0,0.3610233029572491,1.8931094527363195,0.12690525485556547,0.3293532338308457,0.10130222904366804,0.5415920398009957,98.57142857142858,97.14285714285714,45.794392523364486,63.084112149532714,18.0
train,2019-01-14,Mon,48.0,47.0,16.0,16.0,10.0,10.0,0.20791105084534423,2.2035074626865665,0.20019066194227125,0.4921890547263675,0.22625062056478695,0.7711442786069652,96.47887323943662,97.1830985915493,59.93031358885017,54.00696864111498,18.0
train,2019-01-15,Tue,48.0,48.0,16.0,16.0,10.0,10.0,0.19299394527801395,2.0383582089552235,0.1969545458240856,0.5330348258706467,0.22982152844867043,0.6419900497512436,93.6842105263158,91.22807017543859,48.78048780487805,54.70383275261324,20.0
train,2019-01-16,Wed,48.0,48.0,16.0,16.0,10.0,10.0,0.193074284362432,1.914776119402984,0.23259064577888683,0.6547263681592039,0.23885050003937314,0.7309452736318389,96.15384615384616,96.85314685314685,56.013745704467354,50.85910652920962,19.0
train,2019-01-17,Thu,48.0,48.0,16.0,16.0,10.0,10.0,0.1747973824641591,2.0429601990049755,0.24349669050756007,0.6203731343283583,0.23209913360120538,0.6357462686567168,96.53979238754326,95.15570934256056,59.375,60.06944444444444,19.0
train,2019-01-18,Fri,48.0,49.0,16.0,16.0,10.0,10.0,0.20021012947683942,2.1681094527363194,0.21812989811912226,0.5904228855721392,0.20020998017669667,0.5011442786069664,94.21768707482994,94.89795918367348,56.622516556291394,55.62913907284768,18.0
train,2019-01-19,Sat,48.0,47.0,16.0,16.0,10.0,10.0,0.21169540229885053,3.1017412935323363,0.16509197558136254,0.31965174129353235,0.11238505747126437,0.6654477611940293,94.94584837545126,96.75090252707581,51.985559566786996,53.42960288808665,19.0
train,2019-01-20,Sun,48.0,47.0,16.0,16.0,10.0,10.0,0.336760658461858,2.103830845771145,0.11543941066820285,0.29303482587064666,0.09170464302225745,0.2876616915422905,97.6303317535545,95.260663507109,54.88372093023256,54.418604651162795,18.0
train,2019-01-21,Mon,48.0,47.0,16.0,16.0,10.0,10.0,0.19121386153131792,2.1942537313432853,0.2088068597802043,0.45514925373134335,0.21708312982319045,0.6559452736318399,96.5034965034965,95.1048951048951,53.65853658536586,50.174216027874564,20.0
train,2019-01-22,Tue,48.0,48.0,16.0,16.0,10.0,10.0,0.18448681665096578,1.9703233830845786,0.23863124851930823,0.5616915422885572,0.23197187519742246,0.5847014925373144,96.47887323943662,97.1830985915493,60.13745704467354,53.608247422680414,19.0
train,2019-01-23,Wed,48.0,47.0,16.0,16.0,10.0,10.0,0.17012566622562902,1.9760696517412946,0.2030209330290314,0.5105472636815916,0.22088304299502026,0.6481592039800994,95.8041958041958,94.75524475524476,59.80392156862745,58.16993464052288,18.0
train,2019-01-24,Thu,48.0,49.0,16.0,16.0,10.0,10.0,0.22444323929215643,2.3832089552238798,0.24868399688211132,0.6208457711442785,0.21246262155353068,0.46736318407960337,96.47887323943662,94.71830985915493,56.94444444444444,55.90277777777778,20.0
train,2019-01-25,Fri,48.0,49.0,16.0,16.0,10.0,10.0,0.25435155052583647,2.427114427860697,0.22497536945812804,0.7348258706467659,0.1738443534807418,0.332139303482587,96.24573378839591,96.58703071672356,64.16382252559727,55.631399317406135,19.0
train,2019-01-26,Sat,48.0,48.0,16.0,16.0,10.0,10.0,0.24750884343202628,2.945870646766167,0.18974356940127846,0.3116417910447762,0.10473213524239822,0.988134328358209,96.25468164794007,96.62921348314607,57.81818181818181,55.27272727272727,19.0
train,2019-01-27,Sun,48.0,47.0,16.0,16.0,10.0,10.0,0.3086814333824338,1.9844278606965173,0.09515044625449298,0.30480099502487557,0.07486860584205716,0.27940298507462685,97.1563981042654,94.3127962085308,54.054054054054056,56.75675675675676,19.0
train,2019-01-28,Mon,48.0,47.0,16.0,16.0,10.0,10.0,0.2093080208455782,2.2109950248756185,0.21656715768200066,0.46542288557213934,0.20266304603008145,0.529154228855722,96.09929078014184,95.39007092198581,60.0,49.6551724137931,19.0
train,2019-01-29,Tue,48.0,48.0,16.0,16.0,10.0,10.0,0.18840565462731762,2.396194029850747,0.20565662098842877,0.5631840796019897,0.1703038442168877,0.41343283582089735,96.85314685314685,95.1048951048951,52.013422818791945,55.70469798657718,20.0
train,2019-01-30,Wed,48.0,49.0,16.0,16.0,10.0,10.0,0.20452183465646623,2.184577114427861,0.23507511092148067,0.5824875621890545,0.19393541207945642,0.47845771144278754,94.48275862068965,93.79310344827586,56.25,56.59722222222222,19.0
train,2019-01-31,Thu,48.0,49.0,16.0,16.0,10.0,10.0,0.21476082597021057,2.439601990049751,0.20874022332628264,0.5456965174129353,0.17372625162828426,0.4743283582089537,94.05594405594405,95.45454545454545,60.97560975609756,55.749128919860624,19.0
test,2019-02-01,Fri,48.0,49.0,16.0,16.0,10.0,10.0,0.2460425928754612,2.52995024875622,0.22572082999877074,0.6628855721393035,0.17657067307571694,0.4489054726368149,93.81443298969072,94.84536082474226,60.86956521739131,52.508361204013376,19.0
test,2019-02-02,Sat,48.0,48.0,16.0,16.0,10.0,10.0,0.22804680090419605,2.667114427860696,0.19996166174593202,0.3871144278606961,0.10586948993222178,0.7336567164179101,95.51020408163265,95.91836734693877,57.72357723577236,58.13008130081301,20.0
test,2019-02-03,Sun,48.0,47.0,16.0,16.0,10.0,10.0,0.3468341099245911,1.9846766169154224,0.10846927006096552,0.27980099502487565,0.0839116757855054,0.34106965174129394,97.58454106280193,96.1352657004831,61.83574879227053,57.971014492753625,19.0
test,2019-02-04,Mon,48.0,47.0,16.0,16.0,10.0,10.0,0.19209939658802777,2.0973383084577124,0.20315448445548873,0.48151741293532335,0.22286238379122025,0.7997512437810945,95.48611111111111,96.875,55.90277777777778,55.90277777777778,20.0
test,2019-02-05,Tue,48.0,48.0,16.0,16.0,10.0,10.0,0.19429357110364454,2.1374875621890563,0.2252519403648529,0.5332089552238802,0.19961634190345334,0.46910447761194013,94.66192170818505,93.95017793594306,60.07067137809188,51.23674911660777,19.0
test,2019-02-06,Wed,48.0,48.0,16.0,16.0,10.0,10.0,0.18990936697856642,2.2665174129353245,0.2045811369893011,0.6079601990049752,0.17703585959602475,0.45034825870646855,96.47887323943662,96.12676056338029,58.45070422535211,58.45070422535211,19.0
test,2019-02-07,Thu,48.0,48.0,16.0,16.0,10.0,10.0,0.19898829713815835,2.133258706467661,0.21716659742417949,0.515497512437811,0.19912312751187433,0.6017910447761199,95.77464788732394,95.07042253521126,60.278745644599304,58.88501742160279,19.0
test,2019-02-08,Fri,48.0,49.0,16.0,16.0,10.0,10.0,0.23410189365350265,2.720746268656717,0.19939694944915087,0.612686567164179,0.16283137094256395,0.4725373134328359,95.17241379310344,95.86206896551724,61.3013698630137,52.73972602739726,19.0
test,2019-02-09,Sat,48.0,48.0,16.0,16.0,10.0,10.0,0.24132354758148988,3.045621890547264,0.1831170298371976,0.2930348258706475,0.12229657127081262,1.0969154228855722,96.22641509433963,95.47169811320755,49.24812030075188,49.62406015037594,19.0
test,2019-02-10,Sun,48.0,47.0,16.0,16.0,10.0,10.0,0.3232361999391972,1.9157711442786058,0.12185207115097052,0.36442786069651867,0.08168588480431449,0.30604477611940367,98.54368932038835,95.14563106796116,49.760765550239235,60.28708133971292,19.0
test,2019-02-11,Mon,48.0,47.0,16.0,16.0,10.0,10.0,0.2369438242525551,2.2412935323383083,0.20156712443366837,0.4231840796019898,0.21491105196806282,0.5540796019900504,95.1048951048951,97.55244755244755,54.513888888888886,51.388888888888886,18.0
test,2019-02-12,Tue,48.0,47.0,16.0,16.0,10.0,10.0,0.19992996112399092,2.043333333333334,0.21023514228154117,0.4646019900497512,0.18450147477826684,0.49218905472636737,94.38596491228071,97.89473684210527,61.05263157894737,55.78947368421052,18.0
test,2019-02-13,Wed,48.0,48.0,16.0,16.0,10.0,10.0,0.18398970830334882,2.1508955223880624,0.20542706246585324,0.4405472636815918,0.16668094037135261,0.4109950248756214,96.14035087719299,94.38596491228071,64.3598615916955,57.09342560553633,19.0
test,2019-02-14,Thu,48.0,49.0,16.0,16.0,10.0,10.0,0.21516421682641007,2.543532338308457,0.20568929746744882,0.6318407960199005,0.10924171028151142,0.5799999999999996,94.38596491228071,94.03508771929825,61.80555555555556,53.47222222222222,19.0
test,2019-02-15,Fri,48.0,49.0,16.0,16.0,10.0,10.0,0.21028951836297022,2.6018656716417907,0.198189091918581,0.44947761194029795,0.12414265233969901,0.4009452736318404,96.52777777777779,93.05555555555556,63.667820069204154,51.55709342560554,20.0
test,2019-02-16,Sat,48.0,48.0,16.0,16.0,10.0,10.0,0.24444696969696966,3.0612189054726353,0.20040840905056242,0.3875621890547264,0.14102860667746164,1.2734328358208957,95.47169811320755,94.71698113207547,58.582089552238806,57.08955223880597,20.0
test,2019-02-17,Sun,48.0,47.0,16.0,16.0,10.0,10.0,0.2852115644772493,2.5345024875621864,0.09063489200803487,0.3413930348258707,0.09411791193562191,0.9058208955223878,96.60194174757282,95.63106796116504,60.57692307692307,58.17307692307693,19.0
test,2019-02-18,Mon,48.0,47.5,16.0,16.0,10.0,10.0,0.20997237569060767,2.466119402985075,0.1797769413447656,0.4790049751243781,0.16180727262689243,0.3386069651741291,93.66197183098592,94.71830985915493,55.55555555555556,55.208333333333336,19.0
test,2019-02-19,Tue,48.0,47.0,16.0,16.0,10.0,10.0,0.18329789677942826,2.3070895522388066,0.20541231527959186,0.5130845771144278,0.16785190637305902,0.34990049751243746,93.37979094076655,93.72822299651567,54.736842105263165,54.03508771929825,19.0
test,2019-02-20,Wed,48.0,47.0,16.0,16.0,10.0,10.0,0.2002162757318967,2.3709203980099507,0.19827624289866852,0.47681592039800996,0.17857662111078798,0.4535572139303492,94.75524475524476,95.1048951048951,63.541666666666664,56.25,20.0
test,2019-02-21,Thu,48.0,48.0,16.0,16.0,10.0,10.0,0.22215007396016728,2.5111940298507465,0.23399472614879177,0.5528855721393034,0.1477059194288508,0.417910447761194,95.75971731448763,94.69964664310953,57.09342560553633,58.82352941176471,19.0
test,2019-02-22,Fri,48.0,49.0,16.0,16.0,10.0,10.0,0.2444402526103991,2.3817164179104475,0.21011851999377992,0.5851741293532334,0.14172593629973773,0.4222388059701493,95.54794520547945,93.15068493150685,56.12244897959183,55.44217687074829,19.0
test,2019-02-23,Sat,48.0,49.0,16.0,16.0,10.0,10.0,0.25924517906336086,3.37144278606965,0.18878493173706368,0.3276616915422889,0.15872107834378613,1.4813432835820894,93.01470588235294,96.69117647058823,59.92779783393502,55.23465703971119,19.0
test,2019-02-24,Sun,48.0,47.0,16.0,16.0,10.0,10.0,0.27326689712029384,2.91674129353234,0.06584283879267347,0.20977611940298474,0.08977370011133612,0.8748258706467658,97.57281553398059,96.11650485436894,59.905660377358494,52.83018867924528,18.0
test,2019-02-25,Mon,48.0,47.5,16.0,16.0,10.0,10.0,0.18965720482836668,2.11562189054726,0.2213796881828388,0.5608457711442787,0.20351326049983576,0.5463184079602005,96.81978798586573,96.113074204947,58.86524822695035,58.156028368794324,18.0
test,2019-02-26,Tue,48.0,48.0,16.0,16.0,10.0,10.0,0.1841319123940589,2.162412935323383,0.2364460073208073,0.6306965174129352,0.2048963444269294,0.4610447761194022,95.4225352112676,95.4225352112676,61.53846153846154,54.89510489510489,19.0
test,2019-02-27,Wed,48.0,49.0,16.0,16.0,10.0,10.0,0.19455996602190884,2.564378109452736,0.2152391677212673,0.6226119402985074,0.18971913401948426,0.37808457711442733,94.71830985915493,94.01408450704226,61.97183098591549,48.59154929577465,19.0
test,2019-02-28,Thu,48.0,49.0,16.0,16.0,10.0,10.0,0.2067699219441222,2.303034825870645,0.1830869771373204,0.6069651741293532,0.19118242260870932,0.392288557213931,92.3076923076923,95.45454545454545,61.18881118881119,52.7972027972028,19.0
