ped_wait,tram_n_wait,tram_s_wait
25,0.0,18.0
0,0.0,33.0
0,0.0,18.0
34,0.0,0.0
42,18.0,36.0
32,0.0,13.0
31,12.0,27.0
1,0.0,20.0
22,0.0,3.0
24,12.0,1.0
0,0.0,3.0
20,16.0,33.0
9,0.0,33.0
3,4.0,16.0
0,7.0,25.0
0,7.0,19.0
26,3.0,5.0
19,0.0,0.0
46,3.0,50.0
24,1.0,0.0
54,0.0,29.0
20,0.0,35.0
16,8.0,38.0
29,7.0,24.0
15,13.0,0.0
2,7.0,10.0
15,16.0,10.0
0,3.0,13.0
7,0.0,24.0
33,14.0,39.0
31,7.0,36.0
29,9.0,30.0
31,0.0,8.0
32,0.0,8.0
0,9.0,3.0
39,0.0,0.0
5,17.0,23.0
8,0.0,29.0
3,0.0,21.0
23,0.0,12.0
42,0.0,36.0
0,0.0,0.0
18,7.0,0.0
16,7.0,31.0
4,16.0,0.0
35,0.0,13.0
17,11.0,18.0
9,0.0,19.0
30,7.0,13.0
26,7.0,0.0
0,0.0,0.0
26,11.0,34.0
13,4.0,40.0
1,7.0,11.0
0,2.0,35.0
30,0.0,17.0
11,0.0,0.0
0,10.0,5.0
33,9.0,0.0
4,19.0,42.0
32,14.0,9.0
0,7.0,3.0
2,0.0,13.0
18,13.0,0.0
0,12.0,5.0
42,12.0,24.0
26,14.0,13.0
38,18.0,12.0
51,11.0,15.0
1,0.0,0.0
8,9.0,36.0
32,0.0,11.0
22,0.0,36.0
34,9.0,3.0
10,9.0,13.0
42,7.0,13.0
26,6.0,3.0
8,8.0,15.0
4,19.0,13.0
36,0.0,8.0
15,6.0,27.0
5,0.0,18.0
0,0.0,0.0
11,0.0,10.0
27,0.0,14.0
25,13.0,24.0
3,11.0,6.0
0,0.0,13.0
18,5.0,18.0
37,0.0,31.0
18,10.0,10.0
17,0.0,47.0
19,0.0,18.0
34,7.0,2.0
12,0.0,13.0
10,0.0,29.0
26,0.0,13.0
28,0.0,36.0
0,12.0,7.0
6,7.0,38.0
30,0.0,1.0
0,10.0,8.0
0,0.0,25.0
44,12.0,0.0
32,0.0,55.0
1,0.0,23.0
0,7.0,20.0
34,14.0,32.0
33,14.0,14.0
6,3.0,0.0
27,0.0,16.0
17,0.0,31.0
17,0.0,0.0
23,14.0,11.0
29,0.0,38.0
6,12.0,12.0
18,7.0,18.0
29,0.0,1.0
5,9.0,15.0
14,9.0,31.0
28,0.0,29.0
25,0.0,0.0
0,5.0,16.0
30,8.0,17.0
9,8.0,13.0
3,7.0,59.0
34,10.0,28.0
10,12.0,20.0
31,0.0,0.0
0,0.0,21.0
0,9.0,30.0
0,0.0,13.0
37,13.0,1.0
5,7.0,0.0
25,0.0,18.0
24,10.0,27.0
54,7.0,32.0
38,6.0,20.0
15,13.0,2.0
4,9.0,35.0
24,14.0,50.0
10,0.0,14.0
0,0.0,5.0
20,14.0,16.0
32,4.0,9.0
31,7.0,30.0
0,7.0,32.0
17,13.0,13.0
44,0.0,1.0
62,0.0,17.0
8,13.0,40.0
32,19.0,28.0
14,3.0,6.0
1,0.0,13.0
16,0.0,13.0
44,0.0,18.0
20,13.0,6.0
19,15.0,27.0
20,0.0,7.0
0,0.0,93.0
15,0.0,13.0
38,0.0,12.0
0,0.0,10.0
56,0.0,15.0
49,16.0,7.0
46,1.0,8.0
28,0.0,32.0
9,1.0,11.0
29,10.0,68.0
13,7.0,5.0
0,18.0,33.0
37,0.0,0.0
32,8.0,13.0
28,7.0,13.0
9,7.0,25.0
15,0.0,0.0
37,14.0,5.0
44,0.0,36.0
4,0.0,19.0
51,9.0,26.0
50,6.0,5.0
41,0.0,13.0
34,0.0,13.0
0,12.0,11.0
12,0.0,25.0
23,6.0,32.0
31,0.0,5.0
19,17.0,13.0
14,10.0,40.0
0,0.0,27.0
0,0.0,45.0
46,8.0,13.0
36,17.0,4.0
30,0.0,13.0
8,9.0,19.0
14,3.0,13.0
0,7.0,13.0
41,7.0,21.0
32,0.0,53.0
0,7.0,30.0
4,3.0,3.0
34,17.0,28.0
7,5.0,0.0
4,12.0,13.0
43,19.0,42.0
7,0.0,8.0
45,0.0,34.0
28,6.0,15.0
3,7.0,0.0
13,12.0,35.0
0,8.0,18.0
49,0.0,1.0
30,0.0,16.0
43,0.0,33.0
6,11.0,1.0
24,3.0,22.0
4,12.0,7.0
1,18.0,71.0
20,19.0,11.0
8,7.0,3.0
6,10.0,0.0
21,16.0,8.0
19,14.0,28.0
10,14.0,4.0
4,0.0,14.0
27,12.0,23.0
15,13.0,3.0
0,18.0,0.0
31,11.0,33.0
6,10.0,8.0
5,11.0,0.0
11,7.0,23.0
20,8.0,4.0
10,13.0,22.0
26,9.0,32.0
1,5.0,13.0
0,9.0,20.0
44,0.0,0.0
32,11.0,51.0
8,7.0,2.0
8,6.0,3.0
13,15.0,13.0
12,12.0,34.0
9,10.0,47.0
8,14.0,1.0
37,11.0,0.0
36,0.0,17.0
29,0.0,21.0
12,13.0,8.0
6,13.0,31.0
53,11.0,22.0
29,7.0,13.0
15,8.0,13.0
33,17.0,13.0
0,2.0,0.0
8,2.0,11.0
48,6.0,35.0
45,19.0,13.0
38,12.0,6.0
15,0.0,26.0
44,5.0,6.0
21,7.0,2.0
16,7.0,7.0
11,10.0,13.0
40,18.0,36.0
52,7.0,13.0
0,0.0,14.0
0,12.0,37.0
35,9.0,48.0
6,0.0,19.0
50,17.0,32.0
49,12.0,24.0
9,0.0,6.0
32,12.0,17.0
14,0.0,0.0
32,6.0,35.0
30,6.0,
18,0.0,
6,0.0,
31,,
5,,
0,,
0,,
10,,
0,,
3,,
25,,
13,,
51,,
21,,
49,,
40,,
6,,
35,,
45,,
28,,
3,,
32,,
0,,
26,,
30,,
5,,
39,,
12,,
0,,
0,,
15,,
12,,
3,,
38,,
47,,
31,,
13,,
40,,
14,,
39,,
38,,
37,,
14,,
24,,
6,,
44,,
0,,
32,,
2,,
33,,
31,,
18,,
10,,
4,,
44,,
38,,
36,,
0,,
1,,
0,,
65,,
9,,
39,,
11,,
33,,
12,,
0,,
19,,
0,,
19,,
24,,
0,,
14,,
35,,
29,,
0,,
37,,
16,,
13,,
0,,
14,,
7,,
43,,
45,,
43,,
23,,
2,,
1,,
78,,
49,,
45,,
43,,
8,,
1,,
36,,
46,,
14,,
41,,
21,,
16,,
6,,
29,,
0,,
4,,
36,,
26,,
30,,
20,,
0,,
9,,
0,,
46,,
29,,
47,,
41,,
25,,
9,,
21,,
28,,
14,,
0,,
24,,
22,,
0,,
38,,
2,,
16,,
39,,
3,,
29,,
28,,
36,,
36,,
21,,
22,,
0,,
51,,
39,,
0,,
33,,
17,,
3,,
37,,
22,,
0,,
7,,
28,,
14,,
29,,
48,,
39,,
29,,
32,,
58,,
25,,
22,,
10,,
6,,
5,,
29,,
28,,
26,,
21,,
13,,
25,,
0,,
12,,
22,,
0,,
22,,
34,,
0,,
36,,
2,,
28,,
15,,
8,,
8,,
26,,
0,,
30,,
0,,
0,,
26,,
29,,
0,,
32,,
35,,
4,,
16,,
0,,
6,,
18,,
1,,
50,,
5,,
1,,
36,,
22,,
8,,
19,,
15,,
7,,
0,,
33,,
36,,
19,,
1,,
21,,
0,,
38,,
39,,
27,,
0,,
14,,
12,,
36,,
23,,
8,,
0,,
1,,
17,,
29,,
13,,
48,,
11,,
20,,
6,,
34,,
3,,
14,,
9,,
1,,
19,,
30,,
2,,
29,,
26,,
26,,
0,,
39,,
0,,
46,,
39,,
20,,
34,,
21,,
21,,
8,,
0,,
19,,
36,,
27,,
19,,
30,,
3,,
27,,
22,,
28,,
28,,
0,,
0,,
7,,
18,,
6,,
8,,
32,,
31,,
26,,
16,,
62,,
37,,
38,,
36,,
18,,
9,,
0,,
11,,
5,,
45,,
0,,
12,,
6,,
1,,
14,,
22,,
38,,
25,,
30,,
35,,
9,,
29,,
14,,
5,,
18,,
1,,
0,,
26,,
40,,
33,,
14,,
34,,
0,,
18,,
20,,
4,,
34,,
23,,
0,,
0,,
2,,
11,,
33,,
26,,
9,,
42,,
14,,
6,,
0,,
9,,
38,,
22,,
3,,
2,,
28,,
24,,
4,,
0,,
11,,
0,,
47,,
24,,
18,,
15,,
24,,
4,,
34,,
18,,
46,,
0,,
3,,
2,,
29,,
18,,
0,,
42,,
3,,
43,,
17,,
19,,
55,,
42,,
20,,
0,,
28,,
27,,
33,,
22,,
4,,
4,,
35,,
9,,
31,,
13,,
1,,
6,,
13,,
0,,
54,,
45,,
44,,
37,,
28,,
27,,
20,,
3,,
19,,
4,,
34,,
12,,
11,,
3,,
0,,
32,,
31,,
20,,
0,,
0,,
43,,
26,,
42,,
22,,
32,,
12,,
4,,
33,,
9,,
21,,
25,,
8,,
0,,
5,,
0,,
38,,
14,,
8,,
0,,
25,,
10,,
23,,
0,,
0,,
40,,
27,,
57,,
46,,
38,,
0,,
39,,
16,,
43,,
4,,
17,,
16,,
4,,
26,,
9,,
2,,
29,,
23,,
5,,
32,,
13,,
12,,
27,,
0,,
32,,
2,,
43,,
0,,
31,,
0,,
23,,
3,,
20,,
39,,
25,,
50,,
45,,
7,,
23,,
40,,
20,,
2,,
0,,
21,,
3,,
32,,
26,,
15,,
2,,
26,,
12,,
17,,
6,,
23,,
55,,
0,,
0,,
44,,
24,,
3,,
1,,
20,,
20,,
20,,
4,,
7,,
13,,
2,,
23,,
11,,
8,,
4,,
2,,
32,,
3,,
24,,
12,,
0,,
34,,
52,,
34,,
0,,
17,,
1,,
4,,
38,,
40,,
1,,
19,,
14,,
18,,
9,,
13,,
46,,
43,,
17,,
43,,
27,,
3,,
52,,
31,,
17,,
11,,
5,,
18,,
0,,
38,,
22,,
21,,
28,,
0,,
24,,
2,,
43,,
0,,
23,,
13,,
10,,
0,,
3,,
38,,
34,,
36,,
5,,
45,,
24,,
10,,
1,,
28,,
14,,
61,,
23,,
3,,
0,,
26,,
19,,
33,,
31,,
18,,
17,,
0,,
15,,
43,,
23,,
20,,
1,,
31,,
17,,
2,,
49,,
51,,
10,,
0,,
33,,
31,,
15,,
17,,
14,,
28,,
21,,
15,,
27,,
18,,
9,,
47,,
41,,
16,,
26,,
32,,
8,,
6,,
0,,
26,,
0,,
35,,
40,,
34,,
23,,
45,,
28,,
13,,
38,,
52,,
9,,
6,,
4,,
12,,
29,,
3,,
0,,
38,,
0,,
42,,
38,,
26,,
20,,
0,,
0,,
42,,
2,,
34,,
18,,
14,,
55,,
0,,
36,,
22,,
2,,
30,,
23,,
20,,
28,,
23,,
1,,
10,,
7,,
0,,
53,,
0,,
34,,
10,,
33,,
6,,
25,,
0,,
22,,
31,,
34,,
41,,
29,,
38,,
1,,
42,,
37,,
30,,
28,,
43,,
30,,
14,,
14,,
33,,
7,,
23,,
19,,
9,,
27,,
30,,
11,,
21,,
17,,
35,,
20,,
34,,
28,,
16,,
0,,
0,,
0,,
34,,
31,,
26,,
43,,
68,,
24,,
20,,
30,,
35,,
30,,
22,,
33,,
31,,
3,,
1,,
34,,
13,,
26,,
13,,
22,,
23,,
32,,
46,,
0,,
3,,
45,,
21,,
28,,
0,,
2,,
38,,
35,,
2,,
7,,
0,,
24,,
7,,
33,,
7,,
0,,
46,,
19,,
1,,
34,,
9,,
14,,
0,,
16,,
43,,
21,,
11,,
20,,
32,,
31,,
8,,
5,,
38,,
49,,
27,,
18,,
0,,
12,,
0,,
20,,
14,,
21,,
25,,
0,,
8,,
21,,
19,,
33,,
4,,
24,,
42,,
20,,
8,,
31,,
18,,
29,,
0,,
3,,
0,,
22,,
26,,
8,,
34,,
2,,
64,,
56,,
92,,
14,,
23,,
15,,
22,,
15,,
1,,
20,,
38,,
17,,
14,,
14,,
22,,
18,,
14,,
16,,
31,,
10,,
32,,
4,,
1,,
45,,
28,,
1,,
0,,
16,,
31,,
0,,
20,,
23,,
2,,
43,,
25,,
11,,
24,,
15,,
0,,
30,,
34,,
7,,
43,,
33,,
20,,
0,,
28,,
17,,
26,,
13,,
0,,
43,,
24,,
10,,
82,,
25,,
18,,
24,,
5,,
37,,
19,,
11,,
24,,
21,,
17,,
34,,
32,,
17,,
19,,
17,,
4,,
33,,
14,,
13,,
8,,
26,,
23,,
44,,
36,,
17,,
1,,
0,,
0,,
30,,
8,,
16,,
13,,
10,,
27,,
3,,
2,,
0,,
43,,
36,,
17,,
23,,
42,,
40,,
3,,
30,,
10,,
28,,
12,,
15,,
8,,
27,,
6,,
12,,
34,,
32,,
18,,
30,,
33,,
8,,
1,,
19,,
7,,
5,,
12,,
19,,
35,,
49,,
2,,
20,,
37,,
19,,
35,,
33,,
2,,
0,,
14,,
1,,
43,,
3,,
13,,
17,,
11,,
5,,
12,,
0,,
0,,
40,,
6,,
0,,
2,,
51,,
46,,
17,,
13,,
24,,
1,,
23,,
17,,
34,,
29,,
15,,
11,,
0,,
45,,
40,,
42,,
39,,
26,,
8,,
43,,
31,,
28,,
42,,
24,,
18,,
24,,
27,,
36,,
31,,
7,,
41,,
27,,
44,,
31,,
27,,
9,,
27,,
19,,
12,,
8,,
27,,
22,,
0,,
20,,
18,,
0,,
21,,
27,,
0,,
30,,
12,,
0,,
26,,
3,,
21,,
0,,
0,,
4,,
0,,
58,,
45,,
0,,
22,,
19,,
35,,
33,,
22,,
0,,
35,,
23,,
38,,
18,,
53,,
13,,
34,,
33,,
31,,
1,,
0,,
32,,
10,,
20,,
41,,
21,,
32,,
35,,
30,,
13,,
11,,
0,,
35,,
35,,
22,,
14,,
16,,
0,,
19,,
24,,
11,,
0,,
0,,
38,,
0,,
17,,
3,,
3,,
0,,
19,,
0,,
26,,
19,,
19,,
18,,
13,,
7,,
0,,
44,,
22,,
0,,
1,,
12,,
23,,
40,,
32,,
10,,
2,,
0,,
0,,
0,,
0,,
5,,
33,,
24,,
35,,
48,,
27,,
24,,
0,,
38,,
37,,
18,,
43,,
35,,
55,,
30,,
28,,
20,,
46,,
24,,
0,,
42,,
51,,
42,,
0,,
18,,
5,,
39,,
27,,
48,,
0,,
0,,
29,,
12,,
8,,
5,,
12,,
32,,
27,,
18,,
39,,
21,,
55,,
33,,
28,,
21,,
40,,
24,,
3,,
14,,
25,,
9,,
1,,
8,,
46,,
43,,
13,,
35,,
8,,
3,,
44,,
36,,
31,,
22,,
13,,
36,,
28,,
11,,
16,,
7,,
39,,
5,,
20,,
14,,
0,,
31,,
38,,
18,,
44,,
23,,
10,,
34,,
5,,
25,,
23,,
19,,
39,,
27,,
25,,
0,,
31,,
7,,
16,,
39,,
15,,
12,,
23,,
36,,
6,,
0,,
31,,
21,,
20,,
38,,
0,,
29,,
39,,
17,,
0,,
4,,
3,,
25,,
19,,
32,,
20,,
14,,
0,,
16,,
31,,
25,,
50,,
27,,
15,,
7,,
22,,
0,,
0,,
1,,
55,,
28,,
10,,
36,,
14,,
6,,
48,,
17,,
27,,
23,,
0,,
32,,
0,,
2,,
53,,
6,,
35,,
30,,
13,,
24,,
0,,
41,,
0,,
60,,
56,,
50,,
10,,
28,,
24,,
3,,
27,,
19,,
2,,
19,,
38,,
52,,
0,,
46,,
18,,
1,,
0,,
7,,
20,,
27,,
2,,
15,,
11,,
16,,
7,,
31,,
39,,
23,,
10,,
9,,
0,,
47,,
7,,
28,,
18,,
15,,
24,,
7,,
43,,
0,,
8,,
40,,
0,,
29,,
4,,
43,,
7,,
22,,
31,,
30,,
26,,
0,,
25,,
101,,
47,,
42,,
52,,
24,,
5,,
5,,
0,,
24,,
27,,
0,,
12,,
31,,
19,,
14,,
30,,
45,,
21,,
10,,
44,,
25,,
8,,
35,,
3,,
0,,
0,,
0,,
0,,
1,,
65,,
35,,
4,,
24,,
24,,
29,,
1,,
0,,
29,,
0,,
23,,
30,,
6,,
0,,
9,,
25,,
24,,
34,,
16,,
45,,
18,,
0,,
28,,
7,,
2,,
56,,
43,,
35,,
43,,
17,,
42,,
28,,
35,,
37,,
48,,
0,,
0,,
24,,
11,,
26,,
15,,
25,,
1,,
19,,
0,,
33,,
19,,
15,,
10,,
16,,
77,,
67,,
34,,
43,,
42,,
41,,
0,,
24,,
23,,
0,,
61,,
16,,
27,,
20,,
28,,
24,,
0,,
23,,
5,,
40,,
2,,
23,,
7,,
48,,
42,,
24,,
3,,
47,,
1,,
0,,
37,,
33,,
0,,
35,,
53,,
29,,
11,,
0,,
30,,
5,,
0,,
35,,
3,,
13,,
2,,
4,,
0,,
37,,
10,,
26,,
28,,
28,,
37,,
21,,
14,,
10,,
3,,
36,,
4,,
32,,
15,,
34,,
10,,
1,,
28,,
8,,
7,,
16,,
28,,
38,,
0,,
0,,
44,,
16,,
44,,
37,,
23,,
3,,
14,,
0,,
29,,
0,,
9,,
17,,
0,,
37,,
26,,
23,,
44,,
11,,
63,,
60,,
9,,
22,,
12,,
4,,
0,,
24,,
0,,
37,,
1,,
10,,
0,,
27,,
43,,
1,,
43,,
24,,
22,,
19,,
5,,
4,,
31,,
55,,
4,,
50,,
4,,
6,,
12,,
5,,
43,,
32,,
33,,
8,,
23,,
27,,
6,,
0,,
32,,
0,,
0,,
16,,
11,,
0,,
23,,
21,,
0,,
37,,
37,,
10,,
5,,
0,,
44,,
35,,
8,,
29,,
33,,
42,,
10,,
1,,
10,,
30,,
19,,
29,,
26,,
23,,
51,,
46,,
42,,
54,,
51,,
9,,
19,,
9,,
4,,
35,,
42,,
22,,
23,,
0,,
38,,
32,,
0,,
30,,
34,,
2,,
41,,
0,,
25,,
19,,
14,,
13,,
22,,
11,,
29,,
23,,
4,,
35,,
41,,
39,,
31,,
0,,
36,,
17,,
37,,
11,,
10,,
4,,
0,,
12,,
12,,
6,,
28,,
56,,
24,,
16,,
0,,
51,,
6,,
28,,
19,,
12,,
14,,
0,,
0,,
19,,
28,,
27,,
8,,
21,,
40,,
20,,
20,,
23,,
31,,
16,,
51,,
36,,
23,,
2,,
46,,
41,,
9,,
12,,
25,,
0,,
28,,
27,,
9,,
41,,
36,,
20,,
2,,
34,,
34,,
12,,
12,,
8,,
2,,
50,,
22,,
30,,
7,,
0,,
8,,
0,,
38,,
9,,
56,,
55,,
0,,
41,,
26,,
38,,
1,,
6,,
8,,
6,,
28,,
28,,
28,,
51,,
44,,
19,,
0,,
12,,
0,,
6,,
1,,
0,,
0,,
4,,
1,,
0,,
8,,
14,,
0,,
12,,
8,,
18,,
1,,
16,,
42,,
16,,
16,,
32,,
0,,
15,,
0,,
0,,
23,,
57,,
24,,
5,,
53,,
33,,
21,,
33,,
21,,
13,,
6,,
46,,
34,,
0,,
20,,
10,,
7,,
32,,
21,,
0,,
0,,
7,,
34,,
46,,
28,,
13,,
10,,
30,,
0,,
0,,
0,,
5,,
18,,
10,,
9,,
7,,
43,,
31,,
0,,
22,,
2,,
20,,
31,,
26,,
24,,
30,,
16,,
13,,
40,,
0,,
26,,
47,,
45,,
37,,
10,,
3,,
26,,
11,,
29,,
9,,
0,,
42,,
22,,
0,,
20,,
48,,
19,,
0,,
17,,
27,,
18,,
0,,
43,,
7,,
51,,
34,,
0,,
9,,
16,,
3,,
0,,
26,,
18,,
13,,
38,,
35,,
28,,
31,,
0,,
0,,
0,,
2,,
33,,
3,,
46,,
30,,
21,,
15,,
36,,
36,,
36,,
26,,
21,,
4,,
0,,
9,,
30,,
18,,
22,,
10,,
0,,
70,,
69,,
67,,
50,,
0,,
29,,
19,,
34,,
36,,
28,,
37,,
35,,
19,,
30,,
33,,
20,,
35,,
8,,
29,,
26,,
16,,
0,,
0,,
39,,
34,,
7,,
5,,
18,,
5,,
2,,
29,,
15,,
41,,
22,,
7,,
0,,
43,,
42,,
28,,
20,,
0,,
26,,
13,,
42,,
23,,
0,,
2,,
0,,
24,,
3,,
43,,
37,,
18,,
33,,
30,,
3,,
0,,
20,,
36,,
4,,
35,,
11,,
16,,
23,,
7,,
36,,
1,,
4,,
39,,
2,,
22,,
16,,
56,,
1,,
22,,
0,,
42,,
32,,
18,,
41,,
17,,
34,,
27,,
28,,
18,,
39,,
0,,
22,,
0,,
30,,
12,,
5,,
0,,
24,,
8,,
2,,
0,,
40,,
29,,
13,,
11,,
25,,
36,,
8,,
29,,
25,,
20,,
13,,
15,,
0,,
28,,
25,,
0,,
4,,
0,,
43,,
0,,
26,,
12,,
22,,
21,,
38,,
5,,
0,,
1,,
69,,
59,,
49,,
35,,
19,,
32,,
30,,
6,,
1,,
11,,
24,,
0,,
23,,
8,,
4,,
0,,
4,,
14,,
28,,
24,,
10,,
2,,
30,,
0,,
17,,
0,,
0,,
35,,
5,,
18,,
18,,
8,,
7,,
37,,
31,,
7,,
0,,
40,,
0,,
0,,
33,,
6,,
17,,
20,,
3,,
54,,
41,,
17,,
2,,
34,,
19,,
19,,
14,,
38,,
29,,
19,,
30,,
0,,
32,,
26,,
25,,
0,,
23,,
24,,
23,,
34,,
32,,
37,,
0,,
6,,
18,,
35,,
0,,
0,,
6,,
15,,
22,,
7,,
33,,
14,,
33,,
19,,
0,,
13,,
0,,
30,,
49,,
23,,
3,,
56,,
45,,
40,,
36,,
33,,
4,,
26,,
11,,
28,,
0,,
3,,
2,,
17,,
15,,
13,,
0,,
0,,
0,,
20,,
21,,
3,,
0,,
13,,
9,,
0,,
0,,
7,,
32,,
22,,
18,,
9,,
2,,
0,,
28,,
25,,
12,,
0,,
20,,
19,,
3,,
1,,
34,,
13,,
0,,
8,,
0,,
5,,
30,,
17,,
0,,
17,,
0,,
37,,
30,,
43,,
15,,
11,,
6,,
0,,
23,,
19,,
10,,
14,,
40,,
23,,
9,,
30,,
29,,
40,,
18,,
0,,
38,,
1,,
0,,
24,,
17,,
32,,
6,,
14,,
33,,
19,,
11,,
37,,
0,,
0,,
0,,
26,,
14,,
28,,
5,,
42,,
3,,
7,,
30,,
7,,
12,,
6,,
0,,
27,,
18,,
25,,
34,,
33,,
1,,
15,,
20,,
25,,
29,,
18,,
0,,
40,,
5,,
33,,
0,,
1,,
12,,
0,,
31,,
0,,
39,,
14,,
27,,
11,,
16,,
0,,
32,,
40,,
9,,
0,,
0,,
24,,
25,,
17,,
29,,
17,,
0,,
44,,
32,,
0,,
4,,
21,,
3,,
26,,
13,,
0,,
10,,
25,,
9,,
27,,
15,,
0,,
31,,
13,,
1,,
0,,
8,,
18,,
3,,
0,,
0,,
34,,
9,,
39,,
16,,
0,,
12,,
0,,
4,,
47,,
22,,
0,,
34,,
24,,
34,,
13,,
7,,
38,,
2,,
0,,
7,,
0,,
17,,
8,,
32,,
27,,
26,,
10,,
20,,
7,,
0,,
12,,
2,,
28,,
26,,
23,,
16,,
19,,
1,,
22,,
15,,
13,,
10,,
34,,
4,,
35,,
19,,
12,,
14,,
35,,
10,,
10,,
15,,
32,,
44,,
21,,
7,,
3,,
34,,
10,,
0,,
25,,
21,,
31,,
18,,
28,,
44,,
33,,
7,,
20,,
14,,
13,,
9,,
21,,
7,,
2,,
23,,
25,,
31,,
30,,
27,,
13,,
0,,
26,,
4,,
0,,
0,,
16,,
4,,
6,,
15,,
8,,
26,,
33,,
22,,
25,,
36,,
30,,
47,,
20,,
35,,
12,,
32,,
15,,
2,,
42,,
26,,
22,,
26,,
20,,
0,,
28,,
29,,
16,,
15,,
0,,
31,,
20,,
18,,
0,,
34,,
10,,
0,,
41,,
37,,
25,,
16,,
16,,
41,,
11,,
4,,
17,,
22,,
32,,
36,,
25,,
22,,
9,,
2,,
20,,
43,,
8,,
28,,
26,,
33,,
9,,
43,,
15,,
20,,
59,,
35,,
14,,
7,,
6,,
33,,
14,,
10,,
4,,
31,,
0,,
27,,
0,,
24,,
13,,
10,,
10,,
31,,
26,,
0,,
22,,
35,,
45,,
39,,
15,,
42,,
31,,
14,,
24,,
5,,
22,,
0,,
44,,
28,,
9,,
15,,
6,,
10,,
40,,
11,,
0,,
18,,
2,,
0,,
19,,
7,,
29,,
21,,
17,,
30,,
19,,
3,,
0,,
40,,
15,,
44,,
33,,
40,,
27,,
33,,
0,,
25,,
17,,
22,,
16,,
14,,
37,,
0,,
41,,
4,,
0,,
24,,
5,,
38,,
30,,
0,,
0,,
38,,
30,,
0,,
25,,
41,,
48,,
39,,
56,,
46,,
42,,
12,,
11,,
0,,
44,,
34,,
11,,
58,,
41,,
20,,
1,,
6,,
4,,
0,,
30,,
29,,
42,,
13,,
16,,
3,,
19,,
5,,
1,,
0,,
27,,
16,,
27,,
31,,
21,,
8,,
30,,
26,,
13,,
34,,
29,,
8,,
18,,
