,obs_total,sim_total,geh_total,geh_p50,geh_p90,geh_pct_pass,nrmse,nmae,mape,r2,pbias,d,u2,in_criterion,geh_total_verdict,nrmse_verdict,nmae_verdict,mape_verdict,r2_verdict,pbias_verdict,d_verdict,u2_verdict
d1,139.0,139.0,0.0,0.0,0.0,100.0,0.0,0.0,0.0,1.0,0.0,1.0,1.0,False,excellent,excellent,excellent,excellent,excellent,excellent,excellent,pass
d2,284.0,284.0,0.0,0.0,0.0,100.0,0.0,0.0,0.0,1.0,0.0,1.0,1.0,False,excellent,excellent,excellent,excellent,excellent,excellent,excellent,pass
d3,288.0,284.0,0.23652495839563303,0.0,0.25165507238786633,100.0,4.166666666666666,2.083333333333333,10.178995840760544,0.9932126696832579,-1.3888888888888888,0.9983268265476855,1.0322663273069614,True,excellent,excellent,excellent,pass,excellent,excellent,excellent,FAIL
d4,1066.0,1059.0,0.2147501968772637,0.0,0.12574123190849126,100.0,1.6569907816750182,0.6566604127579738,0.3899415720067894,0.9993247396351863,-0.6566604127579737,0.9998289653720661,0.9829687036528925,False,excellent,excellent,excellent,excellent,excellent,excellent,excellent,pass
d5,3016.0,2913.0,1.8917402197977764,0.35528573553792986,0.6346694453484684,100.0,4.755155183553729,3.4151193633952257,2.2187006600118258,0.996032578839186,-3.4151193633952253,0.9989662904542894,0.9830429298212884,False,excellent,excellent,excellent,excellent,excellent,excellent,excellent,pass
d6,288.0,286.0,0.11805626722019105,0.0,0.30984660244580386,100.0,5.892556509887896,2.083333333333333,6.415343915343915,0.9874213836477987,-0.6944444444444444,0.9968487394957983,1.021980647783726,True,excellent,pass,excellent,pass,excellent,excellent,excellent,FAIL
d7,285.0,286.0,0.059182995617218216,0.0,0.0,100.0,1.71894017037416,0.3508771929824561,0.7142857142857143,0.9989277576732342,0.3508771929824561,0.9997306034482759,1.0,False,excellent,excellent,excellent,excellent,excellent,excellent,excellent,pass
d8,287.0,313.0,1.501110699893027,0.24261435191277209,0.6475173909422449,100.0,16.549605696220095,10.452961672473867,10.109885620915033,0.899460760283435,9.059233449477352,0.977545088983557,1.1915070789428757,True,excellent,FAIL,FAIL,pass,FAIL,pass,excellent,FAIL
d9,2137.0,2124.0,0.2816453484852861,1.4920500221798358,2.590411254469368,100.0,14.900967082911237,12.49415067852129,19.34868085043465,0.9454380800230732,-0.6083294337856808,0.9879778621935777,1.1798489335303366,True,excellent,pass,FAIL,FAIL,pass,excellent,excellent,FAIL
d10,857.0,858.0,0.03414938883812553,1.1713321219674895,2.663555920206525,100.0,29.10891763976234,22.0536756126021,30.801685831607912,0.8241194242449079,0.11668611435239207,0.9514614776045947,0.7195810102730229,True,excellent,FAIL,FAIL,FAIL,FAIL,excellent,excellent,pass
