,starts_real,starts_sim,green_s_real,green_s_sim,dur_med_real,dur_med_sim,dur_ks,dur_w1_s,geh_starts_hourly_pass_pct,geh_green_s_hourly_pass_pct,r2_green_s_hourly
sg1,1447.0,1458.0,19496.0,20192.0,14.0,14.0,0.20920536600487455,0.42109452736318403,100.0,100.0,0.8977802313067419
sg2,1445.0,1459.0,11193.0,11256.0,7.0,7.0,0.20485757178329944,0.5233830845771147,100.0,100.0,0.9468777649330604
sg3,1445.0,1459.0,15783.0,15633.0,10.0,10.0,0.051707691906339615,0.3614925373134321,100.0,100.0,0.9821878868460868
sg4,1446.0,1458.0,16666.0,17276.0,12.0,12.0,0.20669193859604185,0.35472636815920405,100.0,100.0,0.8830315072291081
sg5,1447.0,1458.0,17012.0,15818.0,13.0,11.0,0.3532610395852352,1.0199004975124377,100.0,100.0,0.835383994479172
sg6,1445.0,1458.0,9687.0,9797.0,6.0,6.0,0.051909284653101136,0.32228855721393024,100.0,100.0,0.9314745638695268
sg7,1445.0,1459.0,25620.0,28068.0,16.0,16.0,0.18756317428394573,1.5275621890547273,100.0,95.23809523809523,0.7510947972447118
sg8,1447.0,1531.0,30445.0,35188.0,22.0,25.0,0.6446816472469222,2.637313432835821,100.0,19.047619047619047,0.4562188604887816
sg9,1446.0,1459.0,30815.0,28068.0,19.0,16.0,0.6110017755961235,2.103084577114428,100.0,71.42857142857143,0.7909295352384655
sg10,1446.0,1531.0,37019.0,35188.0,27.0,25.0,0.46749654218533887,2.6920398009950257,100.0,100.0,0.938718833802975
sg11,335.0,284.0,4239.0,4459.0,11.0,13.0,0.5900462476350641,3.596741293532339,100.0,90.47619047619048,0.6332815359879191
sg12,298.0,284.0,5138.0,5215.0,16.0,17.0,0.2609651195765196,1.9518407960199007,100.0,95.23809523809523,0.8236599286563615
