kind,wait_s
N->S (sg12),0
N->S (sg12),14
N->S (sg12),0
N->S (sg12),15
N->S (sg12),0
N->S (sg12),0
N->S (sg12),0
N->S (sg12),0
N->S (sg12),0
N->S (sg12),3
N->S (sg12),0
N->S (sg12),0
N->S (sg12),0
N->S (sg12),0
N->S (sg12),0
N->S (sg12),0
N->S (sg12),0
N->S (sg12),0
N->S (sg12),0
N->S (sg12),0
N->S (sg12),0
N->S (sg12),0
N->S (sg12),0
N->S (sg12),0
N->S (sg12),0
N->S (sg12),0
N->S (sg12),0
N->S (sg12),0
N->S (sg12),0
N->S (sg12),0
N->S (sg12),0
N->S (sg12),9
N->S (sg12),0
N->S (sg12),0
N->S (sg12),0
N->S (sg12),0
N->S (sg12),0
N->S (sg12),0
N->S (sg12),0
N->S (sg12),0
N->S (sg12),0
N->S (sg12),0
N->S (sg12),0
N->S (sg12),0
N->S (sg12),0
N->S (sg12),0
N->S (sg12),0
N->S (sg12),0
N->S (sg12),0
N->S (sg12),0
N->S (sg12),0
N->S (sg12),0
N->S (sg12),0
N->S (sg12),0
N->S (sg12),0
N->S (sg12),0
N->S (sg12),0
N->S (sg12),0
N->S (sg12),0
N->S (sg12),0
N->S (sg12),0
N->S (sg12),0
N->S (sg12),0
N->S (sg12),0
N->S (sg12),4
N->S (sg12),0
N->S (sg12),0
N->S (sg12),0
N->S (sg12),0
N->S (sg12),0
N->S (sg12),0
N->S (sg12),0
N->S (sg12),3
N->S (sg12),0
N->S (sg12),0
N->S (sg12),0
N->S (sg12),0
N->S (sg12),0
N->S (sg12),0
N->S (sg12),2
N->S (sg12),0
N->S (sg12),0
N->S (sg12),0
N->S (sg12),0
N->S (sg12),0
N->S (sg12),0
N->S (sg12),0
N->S (sg12),0
N->S (sg12),2
N->S (sg12),0
N->S (sg12),0
N->S (sg12),0
N->S (sg12),0
N->S (sg12),0
N->S (sg12),0
N->S (sg12),0
N->S (sg12),3
N->S (sg12),0
N->S (sg12),0
N->S (sg12),0
N->S (sg12),0
N->S (sg12),0
N->S (sg12),0
N->S (sg12),2
N->S (sg12),0
N->S (sg12),0
N->S (sg12),12
N->S (sg12),0
N->S (sg12),14
N->S (sg12),0
N->S (sg12),0
N->S (sg12),0
N->S (sg12),0
N->S (sg12),0
N->S (sg12),0
N->S (sg12),0
N->S (sg12),22
N->S (sg12),0
N->S (sg12),16
N->S (sg12),0
N->S (sg12),0
N->S (sg12),0
N->S (sg12),22
N->S (sg12),0
N->S (sg12),0
N->S (sg12),0
N->S (sg12),0
N->S (sg12),0
N->S (sg12),0
N->S (sg12),0
N->S (sg12),0
N->S (sg12),0
N->S (sg12),0
N->S (sg12),0
N->S (sg12),0
N->S (sg12),0
N->S (sg12),0
N->S (sg12),0
N->S (sg12),0
N->S (sg12),0
N->S (sg12),0
N->S (sg12),0
N->S (sg12),0
N->S (sg12),0
N->S (sg12),0
N->S (sg12),0
N->S (sg12),0
N->S (sg12),0
N->S (sg12),0
N->S (sg12),0
N->S (sg12),0
N->S (sg12),0
N->S (sg12),6
N->S (sg12),0
N->S (sg12),0
N->S (sg12),0
N->S (sg12),0
N->S (sg12),0
N->S (sg12),0
N->S (sg12),0
N->S (sg12),0
N->S (sg12),15
N->S (sg12),0
N->S (sg12),0
N->S (sg12),0
N->S (sg12),0
N->S (sg12),0
N->S (sg12),0
N->S (sg12),1
N->S (sg12),0
N->S (sg12),0
N->S (sg12),23
N->S (sg12),0
N->S (sg12),12
N->S (sg12),0
N->S (sg12),3
N->S (sg12),0
N->S (sg12),0
N->S (sg12),0
N->S (sg12),0
N->S (sg12),16
N->S (sg12),0
N->S (sg12),0
N->S (sg12),0
N->S (sg12),0
N->S (sg12),0
N->S (sg12),0
N->S (sg12),0
N->S (sg12),0
N->S (sg12),0
N->S (sg12),0
N->S (sg12),2
N->S (sg12),0
N->S (sg12),0
N->S (sg12),0
N->S (sg12),0
N->S (sg12),0
N->S (sg12),0
N->S (sg12),0
N->S (sg12),0
N->S (sg12),0
N->S (sg12),0
N->S (sg12),0
N->S (sg12),0
N->S (sg12),0
N->S (sg12),2
N->S (sg12),0
N->S (sg12),0
N->S (sg12),1
N->S (sg12),0
N->S (sg12),0
N->S (sg12),0
N->S (sg12),0
N->S (sg12),0
N->S (sg12),0
N->S (sg12),0
N->S (sg12),0
N->S (sg12),0
N->S (sg12),0
N->S (sg12),0
N->S (sg12),0
N->S (sg12),3
N->S (sg12),12
N->S (sg12),0
N->S (sg12),0
N->S (sg12),1
N->S (sg12),0
N->S (sg12),0
N->S (sg12),0
N->S (sg12),24
N->S (sg12),0
N->S (sg12),0
N->S (sg12),3
N->S (sg12),0
N->S (sg12),0
N->S (sg12),0
N->S (sg12),0
N->S (sg12),0
N->S (sg12),0
N->S (sg12),0
N->S (sg12),0
N->S (sg12),0
N->S (sg12),0
N->S (sg12),0
N->S (sg12),0
N->S (sg12),0
N->S (sg12),3
N->S (sg12),0
N->S (sg12),0
N->S (sg12),0
N->S (sg12),0
N->S (sg12),0
N->S (sg12),0
N->S (sg12),0
N->S (sg12),3
N->S (sg12),0
N->S (sg12),0
N->S (sg12),0
N->S (sg12),1
N->S (sg12),0
N->S (sg12),0
N->S (sg12),0
N->S (sg12),0
N->S (sg12),0
N->S (sg12),0
N->S (sg12),0
N->S (sg12),0
N->S (sg12),0
N->S (sg12),0
N->S (sg12),3
N->S (sg12),0
N->S (sg12),0
N->S (sg12),0
N->S (sg12),0
N->S (sg12),0
N->S (sg12),0
N->S (sg12),0
N->S (sg12),0
N->S (sg12),0
N->S (sg12),0
N->S (sg12),0
N->S (sg12),0
N->S (sg12),0
N->S (sg12),0
S->N (sg11),14
S->N (sg11),0
S->N (sg11),0
S->N (sg11),0
S->N (sg11),0
S->N (sg11),8
S->N (sg11),0
S->N (sg11),0
S->N (sg11),9
S->N (sg11),16
S->N (sg11),1
S->N (sg11),0
S->N (sg11),20
S->N (sg11),3
S->N (sg11),10
S->N (sg11),3
S->N (sg11),0
S->N (sg11),0
S->N (sg11),0
S->N (sg11),16
S->N (sg11),16
S->N (sg11),18
S->N (sg11),8
S->N (sg11),2
S->N (sg11),0
S->N (sg11),0
S->N (sg11),33
S->N (sg11),0
S->N (sg11),12
S->N (sg11),18
S->N (sg11),21
S->N (sg11),9
S->N (sg11),0
S->N (sg11),0
S->N (sg11),0
S->N (sg11),0
S->N (sg11),7
S->N (sg11),22
S->N (sg11),19
S->N (sg11),13
S->N (sg11),0
S->N (sg11),0
S->N (sg11),0
S->N (sg11),0
S->N (sg11),6
S->N (sg11),12
S->N (sg11),4
S->N (sg11),0
S->N (sg11),19
S->N (sg11),0
S->N (sg11),0
S->N (sg11),14
S->N (sg11),0
S->N (sg11),0
S->N (sg11),1
S->N (sg11),5
S->N (sg11),0
S->N (sg11),0
S->N (sg11),0
S->N (sg11),18
S->N (sg11),26
S->N (sg11),0
S->N (sg11),18
S->N (sg11),1
S->N (sg11),0
S->N (sg11),1
S->N (sg11),0
S->N (sg11),25
S->N (sg11),0
S->N (sg11),0
S->N (sg11),0
S->N (sg11),0
S->N (sg11),0
S->N (sg11),7
S->N (sg11),0
S->N (sg11),0
S->N (sg11),0
S->N (sg11),0
S->N (sg11),19
S->N (sg11),0
S->N (sg11),19
S->N (sg11),0
S->N (sg11),0
S->N (sg11),0
S->N (sg11),0
S->N (sg11),0
S->N (sg11),0
S->N (sg11),0
S->N (sg11),10
S->N (sg11),1
S->N (sg11),0
S->N (sg11),0
S->N (sg11),10
S->N (sg11),20
S->N (sg11),0
S->N (sg11),0
S->N (sg11),1
S->N (sg11),14
S->N (sg11),0
S->N (sg11),30
S->N (sg11),1
S->N (sg11),0
S->N (sg11),0
S->N (sg11),12
S->N (sg11),0
S->N (sg11),19
S->N (sg11),0
S->N (sg11),21
S->N (sg11),0
S->N (sg11),0
S->N (sg11),8
S->N (sg11),0
S->N (sg11),38
S->N (sg11),6
S->N (sg11),3
S->N (sg11),15
S->N (sg11),0
S->N (sg11),0
S->N (sg11),0
S->N (sg11),14
S->N (sg11),0
S->N (sg11),0
S->N (sg11),21
S->N (sg11),0
S->N (sg11),1
S->N (sg11),0
S->N (sg11),0
S->N (sg11),14
S->N (sg11),12
S->N (sg11),0
S->N (sg11),0
S->N (sg11),0
S->N (sg11),0
S->N (sg11),42
S->N (sg11),11
S->N (sg11),3
S->N (sg11),0
S->N (sg11),4
S->N (sg11),13
S->N (sg11),0
S->N (sg11),0
S->N (sg11),0
S->N (sg11),1
S->N (sg11),10
S->N (sg11),15
S->N (sg11),3
S->N (sg11),0
S->N (sg11),18
S->N (sg11),33
S->N (sg11),0
S->N (sg11),0
S->N (sg11),0
S->N (sg11),0
S->N (sg11),13
S->N (sg11),16
S->N (sg11),0
S->N (sg11),0
S->N (sg11),0
S->N (sg11),23
S->N (sg11),11
S->N (sg11),0
S->N (sg11),0
S->N (sg11),0
S->N (sg11),1
S->N (sg11),0
S->N (sg11),10
S->N (sg11),0
S->N (sg11),76
S->N (sg11),0
S->N (sg11),0
S->N (sg11),0
S->N (sg11),0
S->N (sg11),0
S->N (sg11),0
S->N (sg11),15
S->N (sg11),0
S->N (sg11),51
S->N (sg11),7
S->N (sg11),16
S->N (sg11),0
S->N (sg11),0
S->N (sg11),0
S->N (sg11),8
S->N (sg11),0
S->N (sg11),0
S->N (sg11),19
S->N (sg11),2
S->N (sg11),9
S->N (sg11),0
S->N (sg11),0
S->N (sg11),0
S->N (sg11),0
S->N (sg11),8
S->N (sg11),15
S->N (sg11),0
S->N (sg11),0
S->N (sg11),23
S->N (sg11),10
S->N (sg11),28
S->N (sg11),0
S->N (sg11),0
S->N (sg11),0
S->N (sg11),2
S->N (sg11),0
S->N (sg11),0
S->N (sg11),4
S->N (sg11),36
S->N (sg11),13
S->N (sg11),0
S->N (sg11),11
S->N (sg11),0
S->N (sg11),0
S->N (sg11),25
S->N (sg11),0
S->N (sg11),17
S->N (sg11),0
S->N (sg11),0
S->N (sg11),18
S->N (sg11),1
S->N (sg11),0
S->N (sg11),0
S->N (sg11),16
S->N (sg11),0
S->N (sg11),5
S->N (sg11),0
S->N (sg11),54
S->N (sg11),13
S->N (sg11),0
S->N (sg11),0
S->N (sg11),0
S->N (sg11),11
S->N (sg11),0
S->N (sg11),0
S->N (sg11),6
S->N (sg11),0
S->N (sg11),0
S->N (sg11),16
S->N (sg11),0
S->N (sg11),0
S->N (sg11),6
S->N (sg11),0
S->N (sg11),5
S->N (sg11),15
S->N (sg11),0
S->N (sg11),3
S->N (sg11),0
S->N (sg11),34
S->N (sg11),0
S->N (sg11),0
S->N (sg11),0
S->N (sg11),17
S->N (sg11),49
S->N (sg11),0
S->N (sg11),0
S->N (sg11),0
S->N (sg11),4
S->N (sg11),0
S->N (sg11),14
S->N (sg11),5
S->N (sg11),0
S->N (sg11),0
S->N (sg11),0
S->N (sg11),0
S->N (sg11),0
S->N (sg11),18
S->N (sg11),0
S->N (sg11),0
S->N (sg11),9
S->N (sg11),0
S->N (sg11),0
S->N (sg11),0
S->N (sg11),0
S->N (sg11),19
S->N (sg11),0
S->N (sg11),0
S->N (sg11),20
S->N (sg11),31
S->N (sg11),2
S->N (sg11),15
S->N (sg11),7
S->N (sg11),0
S->N (sg11),1
S->N (sg11),0
S->N (sg11),18
